{"filename": "001021.jpg", "imgid": 1020, "sentences": [{"tokens": ["The", "image", "shows", "a", "large", "area", "of", "land"], "raw": "The image shows a large area of land.", "imgid": 1020, "sentid": 5100}, {"tokens": ["There", "is", "only", "one", "ship", "far", "from", "land", "in", "the", "image"], "raw": "There is only one ship far from land in the image.", "imgid": 1020, "sentid": 5101}, {"tokens": ["There", "is", "only", "one", "obvious", "ship", "target", "on", "the", "sea"], "raw": "There is only one obvious ship target on the sea.", "imgid": 1020, "sentid": 5102}, {"tokens": ["The", "outline", "of", "the", "land", "is", "obvious"], "raw": "The outline of the land is obvious.", "imgid": 1020, "sentid": 5103}, {"tokens": ["There", "are", "many", "buildings", "on", "land"], "raw": "There are many buildings on land.", "imgid": 1020, "sentid": 5104}], "split": "train", "sentids": [5100, 5101, 5102, 5103, 5104]}