{"filename": "001008.jpg", "imgid": 1007, "sentences": [{"tokens": ["The", "outline", "of", "the", "ship", "is", "blurred"], "raw": "The outline of the ship is blurred.", "imgid": 1007, "sentid": 5035}, {"tokens": ["The", "ship", "is", "moving"], "raw": "The ship is moving.", "imgid": 1007, "sentid": 5036}, {"tokens": ["There", "is", "only", "one", "ship", "on", "the", "sea"], "raw": "There is only one ship on the sea.", "imgid": 1007, "sentid": 5037}, {"tokens": ["The", "area", "of", "ship", "target", "in", "the", "image", "is", "very", "small"], "raw": "The area of ship target in the image is very small.", "imgid": 1007, "sentid": 5038}, {"tokens": ["There", "is", "no", "land", "in", "the", "image"], "raw": "There is no land in the image.", "imgid": 1007, "sentid": 5039}], "split": "train", "sentids": [5035, 5036, 5037, 5038, 5039]}