{"filename": "001042.jpg", "imgid": 1041, "sentences": [{"tokens": ["There", "is", "only", "one", "ship", "on", "the", "sea"], "raw": "There is only one ship on the sea.", "imgid": 1041, "sentid": 5205}, {"tokens": ["The", "ship", "has", "a", "strong", "reflex"], "raw": "The ship has a strong reflex.", "imgid": 1041, "sentid": 5206}, {"tokens": ["The", "ship", "is", "at", "the", "edge", "of", "the", "image"], "raw": "The ship is at the edge of the image.", "imgid": 1041, "sentid": 5207}, {"tokens": ["There", "are", "only", "ships", "and", "oceans", "in", "the", "image"], "raw": "There are only ships and oceans in the image.", "imgid": 1041, "sentid": 5208}, {"tokens": ["There", "is", "no", "land", "in", "the", "image"], "raw": "There is no land in the image.", "imgid": 1041, "sentid": 5209}], "split": "train", "sentids": [5205, 5206, 5207, 5208, 5209]}