{"filename": "001044.jpg", "imgid": 1043, "sentences": [{"tokens": ["There", "are", "two", "ships", "on", "the", "sea"], "raw": "There are two ships on the sea.", "imgid": 1043, "sentid": 5215}, {"tokens": ["The", "size", "of", "the", "ship", "is", "relatively", "small"], "raw": "The size of the ship is relatively small.", "imgid": 1043, "sentid": 5216}, {"tokens": ["The", "two", "ships", "differ", "greatly", "in", "size"], "raw": "The two ships differ greatly in size.", "imgid": 1043, "sentid": 5217}, {"tokens": ["There", "are", "only", "ships", "on", "the", "sea"], "raw": "There are only ships on the sea.", "imgid": 1043, "sentid": 5218}, {"tokens": ["There", "is", "no", "land", "in", "the", "image"], "raw": "There is no land in the image.", "imgid": 1043, "sentid": 5219}], "split": "train", "sentids": [5215, 5216, 5217, 5218, 5219]}