{"filename": "001056.jpg", "imgid": 1055, "sentences": [{"tokens": ["Several", "ships", "are", "scattered", "in", "the", "image"], "raw": "Several ships are scattered in the image.", "imgid": 1055, "sentid": 5275}, {"tokens": ["Each", "ship", "is", "small", "in", "the", "image"], "raw": "Each ship is small in the image.", "imgid": 1055, "sentid": 5276}, {"tokens": ["There", "are", "two", "ships", "in", "the", "center", "of", "the", "image"], "raw": "There are two ships in the center of the image.", "imgid": 1055, "sentid": 5277}, {"tokens": ["Several", "ships", "are", "at", "the", "edge", "of", "the", "image"], "raw": "Several ships are at the edge of the image.", "imgid": 1055, "sentid": 5278}, {"tokens": ["There", "are", "two", "ships", "close", "together"], "raw": "There are two ships close together.", "imgid": 1055, "sentid": 5279}], "split": "train", "sentids": [5275, 5276, 5277, 5278, 5279]}