{"filename": "001055.jpg", "imgid": 1054, "sentences": [{"tokens": ["There", "are", "many", "ship", "targets", "on", "the", "image"], "raw": "There are many ship targets on the image.", "imgid": 1054, "sentid": 5270}, {"tokens": ["All", "ship", "targets", "occupy", "a", "small", "area"], "raw": "All ship targets occupy a small area.", "imgid": 1054, "sentid": 5271}, {"tokens": ["Ships", "are", "scattered"], "raw": "Ships are scattered.", "imgid": 1054, "sentid": 5272}, {"tokens": ["The", "ship", "target", "is", "only", "a", "few", "pixels", "in", "size"], "raw": "The ship target is only a few pixels in size.", "imgid": 1054, "sentid": 5273}, {"tokens": ["This", "is", "an", "image", "without", "land"], "raw": "This is an image without land.", "imgid": 1054, "sentid": 5274}], "split": "train", "sentids": [5270, 5271, 5272, 5273, 5274]}