{"filename": "001083.jpg", "imgid": 1082, "sentences": [{"tokens": ["The", "ship", "target", "is", "round"], "raw": "The ship target is round.", "imgid": 1082, "sentid": 5410}, {"tokens": ["There", "is", "only", "one", "ship", "target", "on", "the", "image"], "raw": "There is only one ship target on the image.", "imgid": 1082, "sentid": 5411}, {"tokens": ["There", "is", "only", "one", "ship", "in", "the", "image", "range"], "raw": "There is only one ship in the image range.", "imgid": 1082, "sentid": 5412}, {"tokens": ["The", "image", "shows", "only", "one", "ship", "in", "the", "sea", "area"], "raw": "The image shows only one ship in the sea area.", "imgid": 1082, "sentid": 5413}, {"tokens": ["The", "ship", "is", "obvious", "in", "the", "image"], "raw": "The ship is obvious in the image.", "imgid": 1082, "sentid": 5414}], "split": "train", "sentids": [5410, 5411, 5412, 5413, 5414]}