{"filename": "001096.jpg", "imgid": 1095, "sentences": [{"tokens": ["There", "are", "a", "lot", "of", "ships", "on", "the", "image"], "raw": "There are a lot of ships on the image.", "imgid": 1095, "sentid": 5475}, {"tokens": ["These", "ships", "are", "evenly", "distributed", "on", "the", "image"], "raw": "These ships are evenly distributed on the image.", "imgid": 1095, "sentid": 5476}, {"tokens": ["These", "ships", "are", "all", "similar", "in", "size"], "raw": "These ships are all similar in size.", "imgid": 1095, "sentid": 5477}, {"tokens": ["The", "ships", "are", "separated", "from", "each", "other"], "raw": "The ships are separated from each other.", "imgid": 1095, "sentid": 5478}, {"tokens": ["There", "are", "only", "ships", "on", "the", "sea"], "raw": "There are only ships on the sea.", "imgid": 1095, "sentid": 5479}], "split": "train", "sentids": [5475, 5476, 5477, 5478, 5479]}