{"filename": "001025.jpg", "imgid": 1024, "sentences": [{"tokens": ["There", "is", "only", "one", "obvious", "ship", "target", "on", "the", "image"], "raw": "There is only one obvious ship target on the image.", "imgid": 1024, "sentid": 5120}, {"tokens": ["The", "ship", "target", "is", "in", "the", "corner", "of", "the", "image"], "raw": "The ship target is in the corner of the image.", "imgid": 1024, "sentid": 5121}, {"tokens": ["There", "is", "no", "land", "in", "the", "image"], "raw": "There is no land in the image.", "imgid": 1024, "sentid": 5122}, {"tokens": ["The", "sea", "is", "empty"], "raw": "The sea is empty.", "imgid": 1024, "sentid": 5123}, {"tokens": ["The", "ship", "target", "is", "obvious"], "raw": "The ship target is obvious.", "imgid": 1024, "sentid": 5124}], "split": "train", "sentids": [5120, 5121, 5122, 5123, 5124]}