{"filename": "001020.jpg", "imgid": 1019, "sentences": [{"tokens": ["Several", "ship", "targets", "are", "obvious", "in", "the", "image"], "raw": "Several ship targets are obvious in the image.", "imgid": 1019, "sentid": 5095}, {"tokens": ["There", "is", "little", "difference", "between", "ship", "targets"], "raw": "There is little difference between ship targets.", "imgid": 1019, "sentid": 5096}, {"tokens": ["There", "is", "a", "small", "piece", "of", "land", "on", "the", "image"], "raw": "There is a small piece of land on the image.", "imgid": 1019, "sentid": 5097}, {"tokens": ["Ships", "are", "far", "from", "land"], "raw": "Ships are far from land.", "imgid": 1019, "sentid": 5098}, {"tokens": ["The", "most", "in", "the", "image", "is", "the", "ocean"], "raw": "The most in the image is the ocean.", "imgid": 1019, "sentid": 5099}], "split": "train", "sentids": [5095, 5096, 5097, 5098, 5099]}