{"filename": "001024.jpg", "imgid": 1023, "sentences": [{"tokens": ["There", "is", "a", "lot", "of", "information", "in", "the", "image"], "raw": "There is a lot of information in the image.", "imgid": 1023, "sentid": 5115}, {"tokens": ["There", "is", "a", "large", "area", "of", "land", "in", "the", "image"], "raw": "There is a large area of land in the image.", "imgid": 1023, "sentid": 5116}, {"tokens": ["There", "are", "many", "ships", "scattered", "on", "the", "sea"], "raw": "There are many ships scattered on the sea.", "imgid": 1023, "sentid": 5117}, {"tokens": ["Ships", "are", "scattered"], "raw": "Ships are scattered.", "imgid": 1023, "sentid": 5118}, {"tokens": ["The", "land", "target", "is", "very", "obvious"], "raw": "The land target is very obvious.", "imgid": 1023, "sentid": 5119}], "split": "train", "sentids": [5115, 5116, 5117, 5118, 5119]}