{"filename": "001095.jpg", "imgid": 1094, "sentences": [{"tokens": ["The", "image", "is", "dotted", "with", "ships"], "raw": "The image is dotted with ships.", "imgid": 1094, "sentid": 5470}, {"tokens": ["Most", "of", "these", "ships", "are", "on", "the", "image", "side"], "raw": "Most of these ships are on the image side.", "imgid": 1094, "sentid": 5471}, {"tokens": ["These", "ships", "occupy", "very", "few", "pixels"], "raw": "These ships occupy very few pixels.", "imgid": 1094, "sentid": 5472}, {"tokens": ["The", "difference", "of", "ship", "target", "size", "is", "not", "obvious"], "raw": "The difference of ship target size is not obvious.", "imgid": 1094, "sentid": 5473}, {"tokens": ["There", "are", "many", "ship", "targets"], "raw": "There are many ship targets.", "imgid": 1094, "sentid": 5474}], "split": "train", "sentids": [5470, 5471, 5472, 5473, 5474]}