{"filename": "001069.jpg", "imgid": 1068, "sentences": [{"tokens": ["There", "are", "three", "ships", "in", "the", "image"], "raw": "There are three ships in the image.", "imgid": 1068, "sentid": 5340}, {"tokens": ["The", "outline", "of", "the", "three", "ships", "is", "clear"], "raw": "The outline of the three ships is clear.", "imgid": 1068, "sentid": 5341}, {"tokens": ["The", "three", "ships", "are", "far", "apart"], "raw": "The three ships are far apart.", "imgid": 1068, "sentid": 5342}, {"tokens": ["The", "three", "ships", "are", "scattered"], "raw": "The three ships are scattered.", "imgid": 1068, "sentid": 5343}, {"tokens": ["All", "three", "ships", "occupy", "a", "small", "area"], "raw": "All three ships occupy a small area.", "imgid": 1068, "sentid": 5344}], "split": "train", "sentids": [5340, 5341, 5342, 5343, 5344]}