{"filename": "001046.jpg", "imgid": 1045, "sentences": [{"tokens": ["The", "image", "contains", "land", "targets"], "raw": "The image contains land targets.", "imgid": 1045, "sentid": 5225}, {"tokens": ["The", "image", "contains", "mountains"], "raw": "The image contains mountains.", "imgid": 1045, "sentid": 5226}, {"tokens": ["The", "image", "contains", "only", "one", "ship"], "raw": "The image contains only one ship.", "imgid": 1045, "sentid": 5227}, {"tokens": ["The", "outline", "of", "the", "ship", "target", "is", "not", "clear"], "raw": "The outline of the ship target is not clear.", "imgid": 1045, "sentid": 5228}, {"tokens": ["The", "ship", "is", "close", "to", "the", "land"], "raw": "The ship is close to the land.", "imgid": 1045, "sentid": 5229}], "split": "train", "sentids": [5225, 5226, 5227, 5228, 5229]}