{"filename": "001010.jpg", "imgid": 1009, "sentences": [{"tokens": ["The", "outline", "of", "the", "ship", "is", "blurred"], "raw": "The outline of the ship is blurred.", "imgid": 1009, "sentid": 5045}, {"tokens": ["There", "is", "only", "one", "ship", "on", "the", "sea"], "raw": "There is only one ship on the sea.", "imgid": 1009, "sentid": 5046}, {"tokens": ["Ship", "targets", "account", "for", "only", "a", "small", "part"], "raw": "Ship targets account for only a small part.", "imgid": 1009, "sentid": 5047}, {"tokens": ["The", "ship", "is", "not", "in", "the", "center", "of", "the", "image"], "raw": "The ship is not in the center of the image.", "imgid": 1009, "sentid": 5048}, {"tokens": ["There", "are", "no", "targets", "on", "the", "sea", "except", "ships"], "raw": "There are no targets on the sea except ships.", "imgid": 1009, "sentid": 5049}], "split": "train", "sentids": [5045, 5046, 5047, 5048, 5049]}