{"filename": "001002.jpg", "imgid": 1001, "sentences": [{"tokens": ["The", "ships", "in", "the", "image", "account", "for", "a", "small", "part"], "raw": "The ships in the image account for a small part.", "imgid": 1001, "sentid": 5005}, {"tokens": ["The", "ship", "target", "is", "far", "from", "the", "mainland"], "raw": "The ship target is far from the mainland.", "imgid": 1001, "sentid": 5006}, {"tokens": ["There", "is", "only", "one", "ship", "in", "the", "image"], "raw": "There is only one ship in the image.", "imgid": 1001, "sentid": 5007}, {"tokens": ["The", "ocean", "occupies", "most", "of", "the", "area"], "raw": "The ocean occupies most of the area.", "imgid": 1001, "sentid": 5008}, {"tokens": ["The", "land", "occupies", "a", "small", "part"], "raw": "The land occupies a small part.", "imgid": 1001, "sentid": 5009}], "split": "train", "sentids": [5005, 5006, 5007, 5008, 5009]}