{"filename": "001059.jpg", "imgid": 1058, "sentences": [{"tokens": ["The", "image", "is", "full", "of", "ships"], "raw": "The image is full of ships.", "imgid": 1058, "sentid": 5290}, {"tokens": ["Each", "ship", "has", "only", "a", "few", "pixels"], "raw": "Each ship has only a few pixels.", "imgid": 1058, "sentid": 5291}, {"tokens": ["Each", "ship", "is", "evenly", "distributed"], "raw": "Each ship is evenly distributed.", "imgid": 1058, "sentid": 5292}, {"tokens": ["Every", "ship", "is", "far", "away"], "raw": "Every ship is far away.", "imgid": 1058, "sentid": 5293}, {"tokens": ["The", "outline", "of", "each", "ship", "is", "not", "clear"], "raw": "The outline of each ship is not clear.", "imgid": 1058, "sentid": 5294}], "split": "train", "sentids": [5290, 5291, 5292, 5293, 5294]}