{"filename": "001007.jpg", "imgid": 1006, "sentences": [{"tokens": ["There", "is", "only", "one", "ship", "in", "the", "picture"], "raw": "There is only one ship in the picture.", "imgid": 1006, "sentid": 5030}, {"tokens": ["The", "ship", "is", "obvious", "in", "the", "image"], "raw": "The ship is obvious in the image.", "imgid": 1006, "sentid": 5031}, {"tokens": ["Ships", "occupy", "a", "small", "area", "in", "the", "image"], "raw": "Ships occupy a small area in the image.", "imgid": 1006, "sentid": 5032}, {"tokens": ["There", "is", "nothing", "on", "the", "sea", "but", "ships"], "raw": "There is nothing on the sea but ships.", "imgid": 1006, "sentid": 5033}, {"tokens": ["The", "outline", "of", "the", "ship", "target", "is", "very", "clear"], "raw": "The outline of the ship target is very clear.", "imgid": 1006, "sentid": 5034}], "split": "train", "sentids": [5030, 5031, 5032, 5033, 5034]}