{"filename": "001001.jpg", "imgid": 1000, "sentences": [{"tokens": ["There", "is", "a", "ship", "in", "the", "center", "of", "the", "image"], "raw": "There is a ship in the center of the image.", "imgid": 1000, "sentid": 5000}, {"tokens": ["Part", "of", "the", "image", "is", "land"], "raw": "Part of the image is land.", "imgid": 1000, "sentid": 5001}, {"tokens": ["The", "ship", "is", "far", "from", "land"], "raw": "The ship is far from land.", "imgid": 1000, "sentid": 5002}, {"tokens": ["The", "sea", "occupies", "a", "larger", "area", "than", "land"], "raw": "The sea occupies a larger area than land.", "imgid": 1000, "sentid": 5003}, {"tokens": ["There", "is", "only", "one", "ship", "in", "the", "image"], "raw": "There is only one ship in the image.", "imgid": 1000, "sentid": 5004}], "split": "train", "sentids": [5000, 5001, 5002, 5003, 5004]}