{"filename": "001091.jpg", "imgid": 1090, "sentences": [{"tokens": ["The", "image", "is", "dotted", "with", "ships"], "raw": "The image is dotted with ships.", "imgid": 1090, "sentid": 5450}, {"tokens": ["These", "ships", "are", "evenly", "distributed", "on", "the", "image"], "raw": "These ships are evenly distributed on the image.", "imgid": 1090, "sentid": 5451}, {"tokens": ["These", "ships", "have", "obvious", "characteristics"], "raw": "These ships have obvious characteristics.", "imgid": 1090, "sentid": 5452}, {"tokens": ["These", "ships", "differ", "little", "in", "size"], "raw": "These ships differ little in size.", "imgid": 1090, "sentid": 5453}, {"tokens": ["The", "ships", "are", "separated", "from", "each", "other"], "raw": "The ships are separated from each other.", "imgid": 1090, "sentid": 5454}], "split": "train", "sentids": [5450, 5451, 5452, 5453, 5454]}