{"filename": "001078.jpg", "imgid": 1077, "sentences": [{"tokens": ["There", "is", "only", "one", "ship", "on", "the", "sea"], "raw": "There is only one ship on the sea.", "imgid": 1077, "sentid": 5385}, {"tokens": ["The", "ship", "is", "clear"], "raw": "The ship is clear.", "imgid": 1077, "sentid": 5386}, {"tokens": ["The", "outline", "of", "the", "ship", "is", "clear"], "raw": "The outline of the ship is clear.", "imgid": 1077, "sentid": 5387}, {"tokens": ["The", "image", "background", "is", "clear"], "raw": "The image background is clear.", "imgid": 1077, "sentid": 5388}, {"tokens": ["The", "ship", "is", "at", "the", "edge", "of", "the", "image"], "raw": "The ship is at the edge of the image.", "imgid": 1077, "sentid": 5389}], "split": "train", "sentids": [5385, 5386, 5387, 5388, 5389]}