{"filename": "001014.jpg", "imgid": 1013, "sentences": [{"tokens": ["Land", "occupies", "the", "vast", "majority", "of", "the", "image"], "raw": "Land occupies the vast majority of the image.", "imgid": 1013, "sentid": 5065}, {"tokens": ["The", "ship", "target", "in", "the", "image", "is", "not", "obvious"], "raw": "The ship target in the image is not obvious.", "imgid": 1013, "sentid": 5066}, {"tokens": ["Only", "one", "ship", "is", "close", "to", "the", "land"], "raw": "Only one ship is close to the land.", "imgid": 1013, "sentid": 5067}, {"tokens": ["The", "land", "is", "obvious"], "raw": "The land is obvious.", "imgid": 1013, "sentid": 5068}, {"tokens": ["The", "ocean", "occupies", "only", "a", "small", "part"], "raw": "The ocean occupies only a small part.", "imgid": 1013, "sentid": 5069}], "split": "train", "sentids": [5065, 5066, 5067, 5068, 5069]}