{"filename": "001047.jpg", "imgid": 1046, "sentences": [{"tokens": ["There", "is", "only", "one", "ship", "in", "the", "image"], "raw": "There is only one ship in the image.", "imgid": 1046, "sentid": 5230}, {"tokens": ["The", "ship", "has", "a", "strong", "reflection"], "raw": "The ship has a strong reflection.", "imgid": 1046, "sentid": 5231}, {"tokens": ["The", "image", "contains", "some", "land"], "raw": "The image contains some land.", "imgid": 1046, "sentid": 5232}, {"tokens": ["These", "lands", "are", "scattered"], "raw": "These lands are scattered.", "imgid": 1046, "sentid": 5233}, {"tokens": ["Ships", "are", "far", "from", "land"], "raw": "Ships are far from land.", "imgid": 1046, "sentid": 5234}], "split": "train", "sentids": [5230, 5231, 5232, 5233, 5234]}