{"filename": "001062.jpg", "imgid": 1061, "sentences": [{"tokens": ["There", "are", "two", "ships", "in", "the", "image"], "raw": "There are two ships in the image.", "imgid": 1061, "sentid": 5305}, {"tokens": ["The", "two", "ships", "differ", "greatly", "in", "size"], "raw": "The two ships differ greatly in size.", "imgid": 1061, "sentid": 5306}, {"tokens": ["There", "are", "only", "ship", "targets", "in", "the", "image"], "raw": "There are only ship targets in the image.", "imgid": 1061, "sentid": 5307}, {"tokens": ["The", "reflection", "intensity", "of", "the", "two", "ships", "is", "different"], "raw": "The reflection intensity of the two ships is different.", "imgid": 1061, "sentid": 5308}, {"tokens": ["There", "is", "no", "land", "in", "the", "image"], "raw": "There is no land in the image.", "imgid": 1061, "sentid": 5309}], "split": "train", "sentids": [5305, 5306, 5307, 5308, 5309]}