{"filename": "001097.jpg", "imgid": 1096, "sentences": [{"tokens": ["The", "image", "is", "dotted", "with", "a", "large", "number", "of", "ships"], "raw": "The image is dotted with a large number of ships.", "imgid": 1096, "sentid": 5480}, {"tokens": ["These", "ships", "are", "bright", "spots"], "raw": "These ships are bright spots.", "imgid": 1096, "sentid": 5481}, {"tokens": ["These", "ships", "vary", "in", "size"], "raw": "These ships vary in size.", "imgid": 1096, "sentid": 5482}, {"tokens": ["These", "ships", "are", "obvious", "in", "the", "image"], "raw": "These ships are obvious in the image.", "imgid": 1096, "sentid": 5483}, {"tokens": ["There", "are", "only", "these", "ships", "on", "the", "sea"], "raw": "There are only these ships on the sea.", "imgid": 1096, "sentid": 5484}], "split": "train", "sentids": [5480, 5481, 5482, 5483, 5484]}