{"filename": "001048.jpg", "imgid": 1047, "sentences": [{"tokens": ["The", "image", "contains", "mountains"], "raw": "The image contains mountains.", "imgid": 1047, "sentid": 5235}, {"tokens": ["There", "are", "several", "ships", "in", "the", "image"], "raw": "There are several ships in the image.", "imgid": 1047, "sentid": 5236}, {"tokens": ["Ship", "targets", "are", "scattered"], "raw": "Ship targets are scattered.", "imgid": 1047, "sentid": 5237}, {"tokens": ["The", "ocean", "occupies", "a", "large", "part"], "raw": "The ocean occupies a large part.", "imgid": 1047, "sentid": 5238}, {"tokens": ["The", "ship", "target", "is", "only", "a", "few", "pixels", "in", "size"], "raw": "The ship target is only a few pixels in size.", "imgid": 1047, "sentid": 5239}], "split": "train", "sentids": [5235, 5236, 5237, 5238, 5239]}