{"filename": "001027.jpg", "imgid": 1026, "sentences": [{"tokens": ["The", "ship", "target", "on", "the", "sea", "is", "not", "obvious"], "raw": "The ship target on the sea is not obvious.", "imgid": 1026, "sentid": 5130}, {"tokens": ["The", "most", "obvious", "thing", "in", "the", "image", "is", "land"], "raw": "The most obvious thing in the image is land.", "imgid": 1026, "sentid": 5131}, {"tokens": ["The", "outline", "of", "the", "land", "is", "clear"], "raw": "The outline of the land is clear.", "imgid": 1026, "sentid": 5132}, {"tokens": ["The", "target", "sizes", "of", "ships", "on", "the", "sea", "vary", "greatly"], "raw": "The target sizes of ships on the sea vary greatly.", "imgid": 1026, "sentid": 5133}, {"tokens": ["There", "are", "only", "two", "ships", "in", "the", "image"], "raw": "There are only two ships in the image.", "imgid": 1026, "sentid": 5134}], "split": "train", "sentids": [5130, 5131, 5132, 5133, 5134]}