{"filename": "001082.jpg", "imgid": 1081, "sentences": [{"tokens": ["There", "is", "only", "one", "ship", "in", "the", "image"], "raw": "There is only one ship in the image.", "imgid": 1081, "sentid": 5405}, {"tokens": ["The", "ship", "target", "is", "displayed", "as", "a", "circle", "on", "the", "image"], "raw": "The ship target is displayed as a circle on the image.", "imgid": 1081, "sentid": 5406}, {"tokens": ["The", "outline", "of", "the", "ship", "target", "is", "circular"], "raw": "The outline of the ship target is circular.", "imgid": 1081, "sentid": 5407}, {"tokens": ["The", "ship", "target", "is", "at", "the", "edge", "of", "the", "image"], "raw": "The ship target is at the edge of the image.", "imgid": 1081, "sentid": 5408}, {"tokens": ["The", "ship", "target", "is", "obvious"], "raw": "The ship target is obvious.", "imgid": 1081, "sentid": 5409}], "split": "train", "sentids": [5405, 5406, 5407, 5408, 5409]}