{"filename": "001036.jpg", "imgid": 1035, "sentences": [{"tokens": ["The", "image", "is", "rich", "in", "land", "information"], "raw": "The image is rich in land information.", "imgid": 1035, "sentid": 5175}, {"tokens": ["Ship", "targets", "are", "scattered", "on", "the", "sea"], "raw": "Ship targets are scattered on the sea.", "imgid": 1035, "sentid": 5176}, {"tokens": ["The", "land", "is", "scattered", "and", "not", "complete"], "raw": "The land is scattered and not complete.", "imgid": 1035, "sentid": 5177}, {"tokens": ["Ship", "targets", "are", "far", "from", "land"], "raw": "Ship targets are far from land.", "imgid": 1035, "sentid": 5178}, {"tokens": ["There", "are", "more", "land", "areas", "than", "sea", "areas"], "raw": "There are more land areas than sea areas.", "imgid": 1035, "sentid": 5179}], "split": "train", "sentids": [5175, 5176, 5177, 5178, 5179]}