{"filename": "001009.jpg", "imgid": 1008, "sentences": [{"tokens": ["There", "is", "a", "small", "ship", "on", "the", "sea"], "raw": "There is a small ship on the sea.", "imgid": 1008, "sentid": 5040}, {"tokens": ["The", "ship", "target", "is", "not", "obvious"], "raw": "The ship target is not obvious.", "imgid": 1008, "sentid": 5041}, {"tokens": ["Ship", "targets", "account", "for", "only", "a", "small", "part"], "raw": "Ship targets account for only a small part.", "imgid": 1008, "sentid": 5042}, {"tokens": ["The", "sea", "surface", "image", "is", "very", "unclear"], "raw": "The sea surface image is very unclear.", "imgid": 1008, "sentid": 5043}, {"tokens": ["The", "outline", "of", "the", "ship", "is", "very", "unclear"], "raw": "The outline of the ship is very unclear.", "imgid": 1008, "sentid": 5044}], "split": "train", "sentids": [5040, 5041, 5042, 5043, 5044]}