{"filename": "001049.jpg", "imgid": 1048, "sentences": [{"tokens": ["There", "are", "many", "ships", "in", "the", "image"], "raw": "There are many ships in the image.", "imgid": 1048, "sentid": 5240}, {"tokens": ["These", "ships", "are", "scattered"], "raw": "These ships are scattered.", "imgid": 1048, "sentid": 5241}, {"tokens": ["The", "image", "contains", "several", "pieces", "of", "land"], "raw": "The image contains several pieces of land.", "imgid": 1048, "sentid": 5242}, {"tokens": ["These", "ships", "are", "scattered", "over", "the", "sea"], "raw": "These ships are scattered over the sea.", "imgid": 1048, "sentid": 5243}, {"tokens": ["These", "ships", "are", "of", "equal", "size"], "raw": "These ships are of equal size.", "imgid": 1048, "sentid": 5244}], "split": "train", "sentids": [5240, 5241, 5242, 5243, 5244]}