{"filename": "001054.jpg", "imgid": 1053, "sentences": [{"tokens": ["The", "ship", "target", "is", "clear", "in", "the", "image"], "raw": "The ship target is clear in the image.", "imgid": 1053, "sentid": 5265}, {"tokens": ["There", "are", "no", "targets", "on", "the", "sea", "except", "this", "ship"], "raw": "There are no targets on the sea except this ship.", "imgid": 1053, "sentid": 5266}, {"tokens": ["The", "ship", "target", "has", "a", "strong", "contrast", "with", "the", "ocean"], "raw": "The ship target has a strong contrast with the ocean.", "imgid": 1053, "sentid": 5267}, {"tokens": ["The", "sea", "is", "calm"], "raw": "The sea is calm.", "imgid": 1053, "sentid": 5268}, {"tokens": ["The", "area", "occupied", "by", "the", "ship", "target", "is", "small"], "raw": "The area occupied by the ship target is small.", "imgid": 1053, "sentid": 5269}], "split": "train", "sentids": [5265, 5266, 5267, 5268, 5269]}