{"filename": "001018.jpg", "imgid": 1017, "sentences": [{"tokens": ["Many", "ship", "targets", "are", "scattered", "on", "the", "sea"], "raw": "Many ship targets are scattered on the sea.", "imgid": 1017, "sentid": 5085}, {"tokens": ["There", "are", "obvious", "land", "targets", "on", "the", "image"], "raw": "There are obvious land targets on the image.", "imgid": 1017, "sentid": 5086}, {"tokens": ["There", "is", "an", "island", "in", "the", "image"], "raw": "There is an island in the image.", "imgid": 1017, "sentid": 5087}, {"tokens": ["The", "ship", "target", "occupies", "only", "a", "small", "part", "of", "the", "image"], "raw": "The ship target occupies only a small part of the image.", "imgid": 1017, "sentid": 5088}, {"tokens": ["The", "most", "obvious", "is", "the", "land", "target"], "raw": "The most obvious is the land target.", "imgid": 1017, "sentid": 5089}], "split": "train", "sentids": [5085, 5086, 5087, 5088, 5089]}