{"filename": "001022.jpg", "imgid": 1021, "sentences": [{"tokens": ["The", "sea", "is", "dotted", "with", "many", "small", "islands"], "raw": "The sea is dotted with many small islands.", "imgid": 1021, "sentid": 5105}, {"tokens": ["There", "are", "several", "ships", "scattered", "on", "the", "sea"], "raw": "There are several ships scattered on the sea.", "imgid": 1021, "sentid": 5106}, {"tokens": ["The", "ocean", "occupies", "most", "of", "the", "image"], "raw": "The ocean occupies most of the image.", "imgid": 1021, "sentid": 5107}, {"tokens": ["Only", "one", "ship", "is", "obvious"], "raw": "Only one ship is obvious.", "imgid": 1021, "sentid": 5108}, {"tokens": ["The", "ship", "target", "is", "not", "very", "obvious", "in", "the", "image"], "raw": "The ship target is not very obvious in the image.", "imgid": 1021, "sentid": 5109}], "split": "train", "sentids": [5105, 5106, 5107, 5108, 5109]}