{"filename": "001045.jpg", "imgid": 1044, "sentences": [{"tokens": ["There", "are", "only", "ships", "in", "the", "image"], "raw": "There are only ships in the image.", "imgid": 1044, "sentid": 5220}, {"tokens": ["The", "reflection", "of", "these", "ships", "is", "very", "strong"], "raw": "The reflection of these ships is very strong.", "imgid": 1044, "sentid": 5221}, {"tokens": ["The", "ships", "are", "all", "in", "the", "same", "area"], "raw": "The ships are all in the same area.", "imgid": 1044, "sentid": 5222}, {"tokens": ["The", "ships", "are", "not", "far", "from", "each", "other"], "raw": "The ships are not far from each other.", "imgid": 1044, "sentid": 5223}, {"tokens": ["These", "ships", "are", "similar", "in", "size"], "raw": "These ships are similar in size.", "imgid": 1044, "sentid": 5224}], "split": "train", "sentids": [5220, 5221, 5222, 5223, 5224]}