{"filename": "001023.jpg", "imgid": 1022, "sentences": [{"tokens": ["There", "is", "only", "one", "ship", "in", "the", "image"], "raw": "There is only one ship in the image.", "imgid": 1022, "sentid": 5110}, {"tokens": ["There", "is", "no", "other", "target", "on", "the", "sea", "except", "a", "ship"], "raw": "There is no other target on the sea except a ship.", "imgid": 1022, "sentid": 5111}, {"tokens": ["The", "ship", "target", "on", "the", "sea", "is", "obvious"], "raw": "The ship target on the sea is obvious.", "imgid": 1022, "sentid": 5112}, {"tokens": ["The", "ship", "target", "is", "in", "the", "corner", "of", "the", "image"], "raw": "The ship target is in the corner of the image.", "imgid": 1022, "sentid": 5113}, {"tokens": ["The", "ship", "target", "in", "the", "image", "is", "moving"], "raw": "The ship target in the image is moving.", "imgid": 1022, "sentid": 5114}], "split": "train", "sentids": [5110, 5111, 5112, 5113, 5114]}