{"filename": "001074.jpg", "imgid": 1073, "sentences": [{"tokens": ["There", "are", "many", "ships", "on", "the", "image"], "raw": "There are many ships on the image.", "imgid": 1073, "sentid": 5365}, {"tokens": ["The", "ship", "targets", "in", "the", "image", "are", "only", "a", "few", "pixels"], "raw": "The ship targets in the image are only a few pixels.", "imgid": 1073, "sentid": 5366}, {"tokens": ["Ships", "and", "targets", "are", "scattered"], "raw": "Ships and targets are scattered.", "imgid": 1073, "sentid": 5367}, {"tokens": ["The", "ship", "targets", "on", "the", "image", "are", "very", "clear"], "raw": "The ship targets on the image are very clear.", "imgid": 1073, "sentid": 5368}, {"tokens": ["The", "image", "background", "is", "clear"], "raw": "The image background is clear.", "imgid": 1073, "sentid": 5369}], "split": "train", "sentids": [5365, 5366, 5367, 5368, 5369]}