{"filename": "001013.jpg", "imgid": 1012, "sentences": [{"tokens": ["Several", "ships", "were", "scattered", "on", "the", "sea"], "raw": "Several ships were scattered on the sea.", "imgid": 1012, "sentid": 5060}, {"tokens": ["There", "is", "a", "small", "part", "of", "land", "in", "the", "image"], "raw": "There is a small part of land in the image.", "imgid": 1012, "sentid": 5061}, {"tokens": ["There", "is", "a", "small", "part", "of", "land", "in", "the", "image"], "raw": "There is a small part of land in the image.", "imgid": 1012, "sentid": 5062}, {"tokens": ["All", "ship", "targets", "are", "not", "close", "to", "land"], "raw": "All ship targets are not close to land.", "imgid": 1012, "sentid": 5063}, {"tokens": ["All", "ship", "targets", "are", "far", "from", "land"], "raw": "All ship targets are far from land.", "imgid": 1012, "sentid": 5064}], "split": "train", "sentids": [5060, 5061, 5062, 5063, 5064]}