{"filename": "001066.jpg", "imgid": 1065, "sentences": [{"tokens": ["There", "is", "only", "one", "ship", "in", "the", "image"], "raw": "There is only one ship in the image.", "imgid": 1065, "sentid": 5325}, {"tokens": ["There", "is", "land", "on", "the", "image"], "raw": "There is land on the image.", "imgid": 1065, "sentid": 5326}, {"tokens": ["The", "outline", "of", "the", "land", "is", "clear"], "raw": "The outline of the land is clear.", "imgid": 1065, "sentid": 5327}, {"tokens": ["Ship", "targets", "are", "far", "from", "land"], "raw": "Ship targets are far from land.", "imgid": 1065, "sentid": 5328}, {"tokens": ["Targets", "on", "land", "are", "clearer", "than", "ships"], "raw": "Targets on land are clearer than ships.", "imgid": 1065, "sentid": 5329}], "split": "train", "sentids": [5325, 5326, 5327, 5328, 5329]}