{"filename": "001004.jpg", "imgid": 1003, "sentences": [{"tokens": ["There", "are", "many", "ships", "in", "the", "image"], "raw": "There are many ships in the image.", "imgid": 1003, "sentid": 5015}, {"tokens": ["The", "ships", "are", "mostly", "concentrated", "in", "the", "center", "of", "the", "image"], "raw": "The ships are mostly concentrated in the center of the image.", "imgid": 1003, "sentid": 5016}, {"tokens": ["There", "is", "also", "a", "small", "part", "of", "land", "in", "the", "image"], "raw": "There is also a small part of land in the image.", "imgid": 1003, "sentid": 5017}, {"tokens": ["There", "is", "also", "an", "island", "in", "the", "image"], "raw": "There is also an island in the image.", "imgid": 1003, "sentid": 5018}, {"tokens": ["The", "ships", "in", "the", "image", "are", "scattered"], "raw": "The ships in the image are scattered.", "imgid": 1003, "sentid": 5019}], "split": "train", "sentids": [5015, 5016, 5017, 5018, 5019]}