{"filename": "001084.jpg", "imgid": 1083, "sentences": [{"tokens": ["The", "contour", "of", "the", "target", "is", "not", "obvious"], "raw": "The contour of the target is not obvious.", "imgid": 1083, "sentid": 5415}, {"tokens": ["There", "is", "only", "one", "ship", "in", "the", "target", "area"], "raw": "There is only one ship in the target area.", "imgid": 1083, "sentid": 5416}, {"tokens": ["The", "ship", "target", "appears", "as", "a", "highlighted", "point", "in", "the", "image"], "raw": "The ship target appears as a highlighted point in the image.", "imgid": 1083, "sentid": 5417}, {"tokens": ["Ship", "target", "is", "the", "only", "target", "in", "the", "image"], "raw": "Ship target is the only target in the image.", "imgid": 1083, "sentid": 5418}, {"tokens": ["The", "ship", "target", "is", "located", "in", "the", "central", "area", "of", "the", "image"], "raw": "The ship target is located in the central area of the image.", "imgid": 1083, "sentid": 5419}], "split": "train", "sentids": [5415, 5416, 5417, 5418, 5419]}