{"filename": "001079.jpg", "imgid": 1078, "sentences": [{"tokens": ["There", "is", "only", "one", "ship", "in", "the", "image"], "raw": "There is only one ship in the image.", "imgid": 1078, "sentid": 5390}, {"tokens": ["The", "ship", "target", "has", "only", "a", "few", "pixels"], "raw": "The ship target has only a few pixels.", "imgid": 1078, "sentid": 5391}, {"tokens": ["The", "ship", "is", "at", "the", "edge", "of", "the", "image"], "raw": "The ship is at the edge of the image.", "imgid": 1078, "sentid": 5392}, {"tokens": ["The", "outline", "of", "the", "ship", "is", "clear"], "raw": "The outline of the ship is clear.", "imgid": 1078, "sentid": 5393}, {"tokens": ["The", "image", "background", "is", "clear"], "raw": "The image background is clear.", "imgid": 1078, "sentid": 5394}], "split": "train", "sentids": [5390, 5391, 5392, 5393, 5394]}