{"filename": "001073.jpg", "imgid": 1072, "sentences": [{"tokens": ["Many", "ships", "are", "scattered", "in", "the", "image"], "raw": "Many ships are scattered in the image.", "imgid": 1072, "sentid": 5360}, {"tokens": ["Each", "ship", "is", "only", "a", "few", "pixels", "in", "size"], "raw": "Each ship is only a few pixels in size.", "imgid": 1072, "sentid": 5361}, {"tokens": ["The", "ships", "are", "scattered"], "raw": "The ships are scattered.", "imgid": 1072, "sentid": 5362}, {"tokens": ["The", "outline", "of", "these", "ships", "is", "not", "clear"], "raw": "The outline of these ships is not clear.", "imgid": 1072, "sentid": 5363}, {"tokens": ["There", "is", "no", "land", "in", "the", "image"], "raw": "There is no land in the image.", "imgid": 1072, "sentid": 5364}], "split": "train", "sentids": [5360, 5361, 5362, 5363, 5364]}