{"filename": "001028.jpg", "imgid": 1027, "sentences": [{"tokens": ["The", "ship", "target", "is", "obvious", "in", "the", "image"], "raw": "The ship target is obvious in the image.", "imgid": 1027, "sentid": 5135}, {"tokens": ["The", "reflection", "of", "ship", "target", "is", "particularly", "strong"], "raw": "The reflection of ship target is particularly strong.", "imgid": 1027, "sentid": 5136}, {"tokens": ["There", "is", "only", "one", "ship", "target", "on", "the", "sea"], "raw": "There is only one ship target on the sea.", "imgid": 1027, "sentid": 5137}, {"tokens": ["The", "outline", "of", "the", "ship", "target", "is", "very", "clear"], "raw": "The outline of the ship target is very clear.", "imgid": 1027, "sentid": 5138}, {"tokens": ["The", "ship", "target", "is", "in", "the", "corner", "of", "the", "image"], "raw": "The ship target is in the corner of the image.", "imgid": 1027, "sentid": 5139}], "split": "train", "sentids": [5135, 5136, 5137, 5138, 5139]}