{"filename": "001090.jpg", "imgid": 1089, "sentences": [{"tokens": ["There", "is", "a", "large", "piece", "of", "land", "in", "the", "image"], "raw": "There is a large piece of land in the image.", "imgid": 1089, "sentid": 5445}, {"tokens": ["The", "ship", "target", "is", "not", "obvious", "in", "the", "image"], "raw": "The ship target is not obvious in the image.", "imgid": 1089, "sentid": 5446}, {"tokens": ["The", "characteristics", "of", "land", "contour", "are", "obvious"], "raw": "The characteristics of land contour are obvious.", "imgid": 1089, "sentid": 5447}, {"tokens": ["Ship", "targets", "are", "far", "from", "land"], "raw": "Ship targets are far from land.", "imgid": 1089, "sentid": 5448}, {"tokens": ["The", "coastline", "is", "scattered"], "raw": "The coastline is scattered.", "imgid": 1089, "sentid": 5449}], "split": "train", "sentids": [5445, 5446, 5447, 5448, 5449]}