{"filename": "001043.jpg", "imgid": 1042, "sentences": [{"tokens": ["The", "reflection", "of", "the", "ship", "is", "extremely", "strong"], "raw": "The reflection of the ship is extremely strong.", "imgid": 1042, "sentid": 5210}, {"tokens": ["The", "ship", "target", "is", "obvious"], "raw": "The ship target is obvious.", "imgid": 1042, "sentid": 5211}, {"tokens": ["Ther", "is", "Nothing", "but", "the", "ship"], "raw": "Ther is Nothing but the ship.", "imgid": 1042, "sentid": 5212}, {"tokens": ["Ships", "are", "the", "most", "obvious", "thing", "in", "the", "image"], "raw": "Ships are the most obvious thing in the image.", "imgid": 1042, "sentid": 5213}, {"tokens": ["The", "sea", "is", "not", "calm"], "raw": "The sea is not calm.", "imgid": 1042, "sentid": 5214}], "split": "train", "sentids": [5210, 5211, 5212, 5213, 5214]}