{"filename": "001006.jpg", "imgid": 1005, "sentences": [{"tokens": ["There", "is", "a", "ship", "target", "in", "the", "image"], "raw": "There is a ship target in the image.", "imgid": 1005, "sentid": 5025}, {"tokens": ["The", "ship", "target", "is", "not", "very", "obvious"], "raw": "The ship target is not very obvious.", "imgid": 1005, "sentid": 5026}, {"tokens": ["Ships", "occupy", "only", "a", "small", "part", "of", "the", "image"], "raw": "Ships occupy only a small part of the image.", "imgid": 1005, "sentid": 5027}, {"tokens": ["There", "is", "only", "one", "ship", "on", "the", "sea"], "raw": "There is only one ship on the sea.", "imgid": 1005, "sentid": 5028}, {"tokens": ["There", "is", "no", "land", "in", "the", "image"], "raw": "There is no land in the image.", "imgid": 1005, "sentid": 5029}], "split": "train", "sentids": [5025, 5026, 5027, 5028, 5029]}