{"filename": "001032.jpg", "imgid": 1031, "sentences": [{"tokens": ["There", "are", "only", "two", "ships", "on", "the", "sea"], "raw": "There are only two ships on the sea.", "imgid": 1031, "sentid": 5155}, {"tokens": ["The", "ship", "is", "obvious", "on", "the", "sea"], "raw": "The ship is obvious on the sea.", "imgid": 1031, "sentid": 5156}, {"tokens": ["There", "is", "nothing", "on", "the", "sea", "but", "ships"], "raw": "There is nothing on the sea but ships.", "imgid": 1031, "sentid": 5157}, {"tokens": ["The", "two", "ships", "are", "far", "apart"], "raw": "The two ships are far apart.", "imgid": 1031, "sentid": 5158}, {"tokens": ["The", "two", "ships", "occupy", "a", "small", "area"], "raw": "The two ships occupy a small area.", "imgid": 1031, "sentid": 5159}], "split": "train", "sentids": [5155, 5156, 5157, 5158, 5159]}