{"filename": "001063.jpg", "imgid": 1062, "sentences": [{"tokens": ["There", "are", "many", "ships", "on", "the", "image"], "raw": "There are many ships on the image.", "imgid": 1062, "sentid": 5310}, {"tokens": ["Ships", "are", "scattered", "over", "the", "sea"], "raw": "Ships are scattered over the sea.", "imgid": 1062, "sentid": 5311}, {"tokens": ["There", "is", "also", "a", "small", "piece", "of", "land", "information", "on", "the", "image"], "raw": "There is also a small piece of land information on the image.", "imgid": 1062, "sentid": 5312}, {"tokens": ["Ships", "are", "far", "from", "land"], "raw": "Ships are far from land.", "imgid": 1062, "sentid": 5313}, {"tokens": ["There", "are", "some", "buildings", "on", "land"], "raw": "There are some buildings on land.", "imgid": 1062, "sentid": 5314}], "split": "train", "sentids": [5310, 5311, 5312, 5313, 5314]}