{"filename": "001099.jpg", "imgid": 1098, "sentences": [{"tokens": ["Land", "occupies", "a", "large", "part", "of", "the", "image"], "raw": "Land occupies a large part of the image.", "imgid": 1098, "sentid": 5490}, {"tokens": ["There", "is", "a", "port", "on", "the", "image"], "raw": "There is a port on the image.", "imgid": 1098, "sentid": 5491}, {"tokens": ["There", "is", "a", "ship", "docked", "in", "the", "port"], "raw": "There is a ship docked in the port.", "imgid": 1098, "sentid": 5492}, {"tokens": ["The", "ocean", "occupies", "only", "a", "small", "part"], "raw": "The ocean occupies only a small part.", "imgid": 1098, "sentid": 5493}, {"tokens": ["There", "are", "many", "buildings", "on", "land"], "raw": "There are many buildings on land.", "imgid": 1098, "sentid": 5494}], "split": "train", "sentids": [5490, 5491, 5492, 5493, 5494]}