{"filename": "001035.jpg", "imgid": 1034, "sentences": [{"tokens": ["There", "is", "only", "one", "ship", "on", "the", "sea"], "raw": "There is only one ship on the sea.", "imgid": 1034, "sentid": 5170}, {"tokens": ["The", "image", "shows", "a", "large", "area", "of", "land"], "raw": "The image shows a large area of land.", "imgid": 1034, "sentid": 5171}, {"tokens": ["The", "outline", "of", "the", "land", "is", "obvious"], "raw": "The outline of the land is obvious.", "imgid": 1034, "sentid": 5172}, {"tokens": ["The", "ship", "occupies", "only", "a", "few", "pixels"], "raw": "The ship occupies only a few pixels.", "imgid": 1034, "sentid": 5173}, {"tokens": ["Ship", "targets", "are", "far", "from", "land"], "raw": "Ship targets are far from land.", "imgid": 1034, "sentid": 5174}], "split": "train", "sentids": [5170, 5171, 5172, 5173, 5174]}