{"filename": "001012.jpg", "imgid": 1011, "sentences": [{"tokens": ["There", "are", "many", "ships", "scattered", "on", "the", "sea"], "raw": "There are many ships scattered on the sea.", "imgid": 1011, "sentid": 5055}, {"tokens": ["These", "ships", "are", "not", "grouped", "together"], "raw": "These ships are not grouped together.", "imgid": 1011, "sentid": 5056}, {"tokens": ["The", "ships", "are", "scattered", "in", "the", "image"], "raw": "The ships are scattered in the image.", "imgid": 1011, "sentid": 5057}, {"tokens": ["The", "ship", "targets", "on", "the", "sea", "are", "obvious"], "raw": "The ship targets on the sea are obvious.", "imgid": 1011, "sentid": 5058}, {"tokens": ["There", "are", "only", "ships", "on", "the", "sea"], "raw": "There are only ships on the sea.", "imgid": 1011, "sentid": 5059}], "split": "train", "sentids": [5055, 5056, 5057, 5058, 5059]}