{"filename": "001051.jpg", "imgid": 1050, "sentences": [{"tokens": ["There", "are", "two", "ships", "in", "the", "image"], "raw": "There are two ships in the image.", "imgid": 1050, "sentid": 5250}, {"tokens": ["The", "reflection", "of", "the", "two", "ships", "is", "very", "strong"], "raw": "The reflection of the two ships is very strong.", "imgid": 1050, "sentid": 5251}, {"tokens": ["The", "outline", "of", "both", "ships", "is", "clear"], "raw": "The outline of both ships is clear.", "imgid": 1050, "sentid": 5252}, {"tokens": ["The", "two", "ships", "are", "close", "together"], "raw": "The two ships are close together.", "imgid": 1050, "sentid": 5253}, {"tokens": ["The", "two", "ships", "are", "at", "the", "edge", "of", "the", "image"], "raw": "The two ships are at the edge of the image.", "imgid": 1050, "sentid": 5254}], "split": "train", "sentids": [5250, 5251, 5252, 5253, 5254]}