{"filename": "001068.jpg", "imgid": 1067, "sentences": [{"tokens": ["There", "are", "many", "ships", "on", "the", "image"], "raw": "There are many ships on the image.", "imgid": 1067, "sentid": 5335}, {"tokens": ["Ships", "are", "scattered"], "raw": "Ships are scattered.", "imgid": 1067, "sentid": 5336}, {"tokens": ["The", "size", "difference", "between", "ships", "is", "obvious"], "raw": "The size difference between ships is obvious.", "imgid": 1067, "sentid": 5337}, {"tokens": ["The", "largest", "ship", "has", "the", "strongest", "reflection"], "raw": "The largest ship has the strongest reflection.", "imgid": 1067, "sentid": 5338}, {"tokens": ["Ship", "targets", "are", "evenly", "distributed", "in", "the", "image"], "raw": "Ship targets are evenly distributed in the image.", "imgid": 1067, "sentid": 5339}], "split": "train", "sentids": [5335, 5336, 5337, 5338, 5339]}