{"filename": "001053.jpg", "imgid": 1052, "sentences": [{"tokens": ["The", "ship's", "target", "is", "clear"], "raw": "The ship's target is clear.", "imgid": 1052, "sentid": 5260}, {"tokens": ["The", "ship", "target", "is", "located", "in", "the", "edge", "area", "of", "the", "image"], "raw": "The ship target is located in the edge area of the image.", "imgid": 1052, "sentid": 5261}, {"tokens": ["The", "sea", "is", "not", "very", "calm"], "raw": "The sea is not very calm.", "imgid": 1052, "sentid": 5262}, {"tokens": ["There", "is", "a", "strong", "contrast", "between", "the", "ship", "and", "the", "sea"], "raw": "There is a strong contrast between the ship and the sea.", "imgid": 1052, "sentid": 5263}, {"tokens": ["The", "ship", "target", "is", "obvious", "on", "the", "sea"], "raw": "The ship target is obvious on the sea.", "imgid": 1052, "sentid": 5264}], "split": "train", "sentids": [5260, 5261, 5262, 5263, 5264]}