{"filename": "001076.jpg", "imgid": 1075, "sentences": [{"tokens": ["The", "image", "is", "dotted", "with", "many", "ships"], "raw": "The image is dotted with many ships.", "imgid": 1075, "sentid": 5375}, {"tokens": ["The", "ship", "target", "has", "only", "a", "few", "pixels", "in", "the", "image"], "raw": "The ship target has only a few pixels in the image.", "imgid": 1075, "sentid": 5376}, {"tokens": ["The", "image", "background", "is", "blurred"], "raw": "The image background is blurred.", "imgid": 1075, "sentid": 5377}, {"tokens": ["Ships", "and", "targets", "are", "scattered"], "raw": "Ships and targets are scattered.", "imgid": 1075, "sentid": 5378}, {"tokens": ["There", "is", "little", "difference", "in", "the", "target", "size", "of", "ships"], "raw": "There is little difference in the target size of ships.", "imgid": 1075, "sentid": 5379}], "split": "train", "sentids": [5375, 5376, 5377, 5378, 5379]}