{"filename": "001031.jpg", "imgid": 1030, "sentences": [{"tokens": ["There", "is", "only", "one", "ship", "in", "the", "image"], "raw": "There is only one ship in the image.", "imgid": 1030, "sentid": 5150}, {"tokens": ["The", "ship", "target", "is", "obvious", "in", "the", "image"], "raw": "The ship target is obvious in the image.", "imgid": 1030, "sentid": 5151}, {"tokens": ["There", "is", "a", "piece", "of", "land", "on", "the", "image"], "raw": "There is a piece of land on the image.", "imgid": 1030, "sentid": 5152}, {"tokens": ["The", "ship", "is", "far", "from", "land"], "raw": "The ship is far from land.", "imgid": 1030, "sentid": 5153}, {"tokens": ["The", "land", "outline", "is", "clear"], "raw": "The land outline is clear.", "imgid": 1030, "sentid": 5154}], "split": "train", "sentids": [5150, 5151, 5152, 5153, 5154]}