{"filename": "001075.jpg", "imgid": 1074, "sentences": [{"tokens": ["A", "large", "part", "of", "the", "image", "is", "land"], "raw": "A large part of the image is land.", "imgid": 1074, "sentid": 5370}, {"tokens": ["There", "is", "only", "one", "ship", "target", "in", "the", "image"], "raw": "There is only one ship target in the image.", "imgid": 1074, "sentid": 5371}, {"tokens": ["There", "is", "only", "one", "ship", "target", "in", "the", "image"], "raw": "There is only one ship target in the image.", "imgid": 1074, "sentid": 5372}, {"tokens": ["The", "ship", "target", "is", "not", "obvious"], "raw": "The ship target is not obvious.", "imgid": 1074, "sentid": 5373}, {"tokens": ["There", "are", "many", "buildings", "on", "land"], "raw": "There are many buildings on land.", "imgid": 1074, "sentid": 5374}], "split": "train", "sentids": [5370, 5371, 5372, 5373, 5374]}