{"filename": "001080.jpg", "imgid": 1079, "sentences": [{"tokens": ["There", "are", "many", "ships", "on", "the", "image"], "raw": "There are many ships on the image.", "imgid": 1079, "sentid": 5395}, {"tokens": ["There", "is", "little", "difference", "in", "the", "size", "of", "each", "ship"], "raw": "There is little difference in the size of each ship.", "imgid": 1079, "sentid": 5396}, {"tokens": ["There", "are", "great", "differences", "between", "ship", "targets"], "raw": "There are great differences between ship targets.", "imgid": 1079, "sentid": 5397}, {"tokens": ["Ship", "targets", "are", "scattered"], "raw": "Ship targets are scattered.", "imgid": 1079, "sentid": 5398}, {"tokens": ["There", "are", "only", "ship", "targets", "in", "the", "image"], "raw": "There are only ship targets in the image.", "imgid": 1079, "sentid": 5399}], "split": "train", "sentids": [5395, 5396, 5397, 5398, 5399]}