{"filename": "001003.jpg", "imgid": 1002, "sentences": [{"tokens": ["There", "are", "only", "two", "ships", "in", "the", "picture"], "raw": "There are only two ships in the picture.", "imgid": 1002, "sentid": 5010}, {"tokens": ["Both", "ships", "occupy", "only", "a", "small", "part"], "raw": "Both ships occupy only a small part.", "imgid": 1002, "sentid": 5011}, {"tokens": ["There", "are", "no", "targets", "on", "the", "sea", "except", "ships"], "raw": "There are no targets on the sea except ships.", "imgid": 1002, "sentid": 5012}, {"tokens": ["The", "target", "size", "of", "the", "two", "ships", "is", "the", "same"], "raw": "The target size of the two ships is the same.", "imgid": 1002, "sentid": 5013}, {"tokens": ["There", "is", "no", "land", "in", "the", "image"], "raw": "There is no land in the image.", "imgid": 1002, "sentid": 5014}], "split": "train", "sentids": [5010, 5011, 5012, 5013, 5014]}