{"filename": "001070.jpg", "imgid": 1069, "sentences": [{"tokens": ["There", "are", "many", "ships", "in", "the", "center", "of", "the", "image"], "raw": "There are many ships in the center of the image.", "imgid": 1069, "sentid": 5345}, {"tokens": ["Each", "ship", "occupies", "a", "small", "area"], "raw": "Each ship occupies a small area.", "imgid": 1069, "sentid": 5346}, {"tokens": ["There", "is", "also", "a", "small", "piece", "of", "land", "on", "the", "image"], "raw": "There is also a small piece of land on the image.", "imgid": 1069, "sentid": 5347}, {"tokens": ["The", "outline", "of", "the", "ship", "is", "not", "obvious"], "raw": "The outline of the ship is not obvious.", "imgid": 1069, "sentid": 5348}, {"tokens": ["The", "ships", "have", "little", "difference", "in", "size"], "raw": "The ships have little difference in size.", "imgid": 1069, "sentid": 5349}], "split": "train", "sentids": [5345, 5346, 5347, 5348, 5349]}