{"filename": "001034.jpg", "imgid": 1033, "sentences": [{"tokens": ["There", "are", "two", "ships", "on", "the", "sea"], "raw": "There are two ships on the sea.", "imgid": 1033, "sentid": 5165}, {"tokens": ["The", "reflection", "of", "the", "ships", "are", "obvious"], "raw": "The reflection of the ships are obvious.", "imgid": 1033, "sentid": 5166}, {"tokens": ["There", "is", "a", "ship", "near", "the", "land"], "raw": "There is a ship near the land.", "imgid": 1033, "sentid": 5167}, {"tokens": ["There", "is", "a", "ship", "far", "from", "land"], "raw": "There is a ship far from land.", "imgid": 1033, "sentid": 5168}, {"tokens": ["Compared", "with", "the", "sea", "the", "land", "area", "is", "smaller"], "raw": "Compared with the sea the land area is smaller.", "imgid": 1033, "sentid": 5169}], "split": "train", "sentids": [5165, 5166, 5167, 5168, 5169]}