{"filename": "001085.jpg", "imgid": 1084, "sentences": [{"tokens": ["The", "image", "is", "dotted", "with", "several", "ships"], "raw": "The image is dotted with several ships.", "imgid": 1084, "sentid": 5420}, {"tokens": ["The", "characteristics", "of", "ship", "target", "are", "not", "obvious"], "raw": "The characteristics of ship target are not obvious.", "imgid": 1084, "sentid": 5421}, {"tokens": ["One", "of", "the", "ships", "is", "more", "obvious"], "raw": "One of the ships is more obvious.", "imgid": 1084, "sentid": 5422}, {"tokens": ["The", "remaining", "ship", "targets", "are", "only", "highlighted", "points"], "raw": "The remaining ship targets are only highlighted points.", "imgid": 1084, "sentid": 5423}, {"tokens": ["Ship", "targets", "are", "scattered", "in", "the", "sea", "area"], "raw": "Ship targets are scattered in the sea area.", "imgid": 1084, "sentid": 5424}], "split": "train", "sentids": [5420, 5421, 5422, 5423, 5424]}