{"filename": "001060.jpg", "imgid": 1059, "sentences": [{"tokens": ["The", "land", "information", "in", "the", "image", "is", "very", "rich"], "raw": "The land information in the image is very rich.", "imgid": 1059, "sentid": 5295}, {"tokens": ["The", "ship", "target", "in", "the", "image", "occupies", "a", "particularly", "small", "part"], "raw": "The ship target in the image occupies a particularly small part.", "imgid": 1059, "sentid": 5296}, {"tokens": ["Land", "targets", "are", "more", "obvious", "than", "ship", "targets"], "raw": "Land targets are more obvious than ship targets.", "imgid": 1059, "sentid": 5297}, {"tokens": ["There", "are", "many", "buildings", "on", "land"], "raw": "There are many buildings on land.", "imgid": 1059, "sentid": 5298}, {"tokens": ["There", "are", "only", "two", "ships", "on", "the", "sea"], "raw": "There are only two ships on the sea.", "imgid": 1059, "sentid": 5299}], "split": "train", "sentids": [5295, 5296, 5297, 5298, 5299]}