{"filename": "001058.jpg", "imgid": 1057, "sentences": [{"tokens": ["There", "is", "only", "one", "ship", "on", "the", "sea"], "raw": "There is only one ship on the sea.", "imgid": 1057, "sentid": 5285}, {"tokens": ["The", "ship", "is", "at", "the", "edge", "of", "the", "image"], "raw": "The ship is at the edge of the image.", "imgid": 1057, "sentid": 5286}, {"tokens": ["The", "ship", "target", "is", "clearly", "in", "the", "image"], "raw": "The ship target is clearly in the image.", "imgid": 1057, "sentid": 5287}, {"tokens": ["The", "outline", "of", "the", "ship", "is", "clear"], "raw": "The outline of the ship is clear.", "imgid": 1057, "sentid": 5288}, {"tokens": ["There", "is", "no", "land", "in", "the", "image"], "raw": "There is no land in the image.", "imgid": 1057, "sentid": 5289}], "split": "train", "sentids": [5285, 5286, 5287, 5288, 5289]}