{"filename": "001037.jpg", "imgid": 1036, "sentences": [{"tokens": ["There", "are", "many", "ships", "scattered", "on", "the", "sea"], "raw": "There are many ships scattered on the sea.", "imgid": 1036, "sentid": 5180}, {"tokens": ["Land", "information", "is", "abundant"], "raw": "Land information is abundant.", "imgid": 1036, "sentid": 5181}, {"tokens": ["The", "two", "lands", "are", "joined", "together"], "raw": "The two lands are joined together.", "imgid": 1036, "sentid": 5182}, {"tokens": ["Ship", "targets", "are", "far", "from", "land"], "raw": "Ship targets are far from land.", "imgid": 1036, "sentid": 5183}, {"tokens": ["The", "target", "size", "of", "the", "ship", "is", "similar"], "raw": "The target size of the ship is similar.", "imgid": 1036, "sentid": 5184}], "split": "train", "sentids": [5180, 5181, 5182, 5183, 5184]}