{"filename": "001061.jpg", "imgid": 1060, "sentences": [{"tokens": ["There", "is", "a", "ship", "on", "the", "sea"], "raw": "There is a ship on the sea.", "imgid": 1060, "sentid": 5300}, {"tokens": ["There", "was", "nothing", "on", "the", "sea", "but", "a", "boat"], "raw": "There was nothing on the sea but a boat.", "imgid": 1060, "sentid": 5301}, {"tokens": ["The", "ship", "is", "in", "the", "center", "of", "the", "image"], "raw": "The ship is in the center of the image.", "imgid": 1060, "sentid": 5302}, {"tokens": ["The", "sea", "surface", "contrast", "of", "ship", "is", "obvious"], "raw": "The sea surface contrast of ship is obvious.", "imgid": 1060, "sentid": 5303}, {"tokens": ["The", "outline", "of", "the", "ship", "target", "is", "clear"], "raw": "The outline of the ship target is clear.", "imgid": 1060, "sentid": 5304}], "split": "train", "sentids": [5300, 5301, 5302, 5303, 5304]}