{"filename": "001052.jpg", "imgid": 1051, "sentences": [{"tokens": ["The", "two", "ships", "are", "at", "the", "edge", "of", "the", "image"], "raw": "The two ships are at the edge of the image.", "imgid": 1051, "sentid": 5255}, {"tokens": ["The", "outline", "of", "the", "ship", "on", "the", "image", "is", "not", "clear"], "raw": "The outline of the ship on the image is not clear.", "imgid": 1051, "sentid": 5256}, {"tokens": ["The", "contrast", "between", "ship", "target", "and", "sea", "surface", "is", "obvious"], "raw": "The contrast between ship target and sea surface is obvious.", "imgid": 1051, "sentid": 5257}, {"tokens": ["There", "are", "no", "land", "targets", "in", "the", "image"], "raw": "There are no land targets in the image.", "imgid": 1051, "sentid": 5258}, {"tokens": ["Ships", "occupy", "a", "small", "part", "of", "the", "image"], "raw": "Ships occupy a small part of the image.", "imgid": 1051, "sentid": 5259}], "split": "train", "sentids": [5255, 5256, 5257, 5258, 5259]}