{"filename": "001039.jpg", "imgid": 1038, "sentences": [{"tokens": ["There", "is", "only", "one", "ship", "on", "the", "sea"], "raw": "There is only one ship on the sea.", "imgid": 1038, "sentid": 5190}, {"tokens": ["The", "ship", "is", "obvious"], "raw": "The ship is obvious.", "imgid": 1038, "sentid": 5191}, {"tokens": ["The", "outline", "of", "the", "ship", "is", "obvious"], "raw": "The outline of the ship is obvious.", "imgid": 1038, "sentid": 5192}, {"tokens": ["There", "is", "nothing", "on", "the", "sea", "but", "a", "boat"], "raw": "There is nothing on the sea but a boat.", "imgid": 1038, "sentid": 5193}, {"tokens": ["There", "is", "no", "land", "in", "the", "image"], "raw": "There is no land in the image.", "imgid": 1038, "sentid": 5194}], "split": "train", "sentids": [5190, 5191, 5192, 5193, 5194]}