{"filename": "001026.jpg", "imgid": 1025, "sentences": [{"tokens": ["There", "is", "only", "one", "ship", "in", "the", "image"], "raw": "There is only one ship in the image.", "imgid": 1025, "sentid": 5125}, {"tokens": ["The", "area", "occupied", "by", "the", "ship", "target", "is", "very", "small"], "raw": "The area occupied by the ship target is very small.", "imgid": 1025, "sentid": 5126}, {"tokens": ["The", "ship", "target", "is", "relatively", "obvious"], "raw": "The ship target is relatively obvious.", "imgid": 1025, "sentid": 5127}, {"tokens": ["There", "are", "only", "ship", "targets", "on", "the", "sea"], "raw": "There are only ship targets on the sea.", "imgid": 1025, "sentid": 5128}, {"tokens": ["The", "ship", "target", "is", "anchored", "on", "the", "sea"], "raw": "The ship target is anchored on the sea.", "imgid": 1025, "sentid": 5129}], "split": "train", "sentids": [5125, 5126, 5127, 5128, 5129]}