{"filename": "001000.jpg", "imgid": 999, "sentences": [{"tokens": ["There", "is", "a", "ship", "on", "the", "sea"], "raw": "There is a ship on the sea.", "imgid": 999, "sentid": 4995}, {"tokens": ["There", "is", "a", "ship", "in", "the", "image"], "raw": "There is a ship in the image.", "imgid": 999, "sentid": 4996}, {"tokens": ["This", "is", "a", "ship"], "raw": "This is a ship.", "imgid": 999, "sentid": 4997}, {"tokens": ["There", "is", "only", "one", "ship", "on", "the", "sea"], "raw": "There is only one ship on the sea.", "imgid": 999, "sentid": 4998}, {"tokens": ["The", "background", "of", "the", "image", "is", "the", "ocean"], "raw": "The background of the image is the ocean.", "imgid": 999, "sentid": 4999}], "split": "val", "sentids": [4995, 4996, 4997, 4998, 4999]}