{"filename": "001093.jpg", "imgid": 1092, "sentences": [{"tokens": ["The", "image", "is", "dotted", "with", "several", "ships"], "raw": "The image is dotted with several ships.", "imgid": 1092, "sentid": 5460}, {"tokens": ["These", "ships", "are", "small", "in", "the", "image"], "raw": "These ships are small in the image.", "imgid": 1092, "sentid": 5461}, {"tokens": ["These", "ships", "are", "scattered", "among", "each", "other"], "raw": "These ships are scattered among each other.", "imgid": 1092, "sentid": 5462}, {"tokens": ["The", "background", "of", "these", "ships", "is", "obvious"], "raw": "The background of these ships is obvious.", "imgid": 1092, "sentid": 5463}, {"tokens": ["There", "are", "only", "ship", "targets", "in", "the", "image"], "raw": "There are only ship targets in the image.", "imgid": 1092, "sentid": 5464}], "split": "train", "sentids": [5460, 5461, 5462, 5463, 5464]}