{"filename": "001081.jpg", "imgid": 1080, "sentences": [{"tokens": ["There", "are", "several", "ships", "on", "the", "sea"], "raw": "There are several ships on the sea.", "imgid": 1080, "sentid": 5400}, {"tokens": ["The", "distribution", "of", "ship", "targets", "is", "uneven"], "raw": "The distribution of ship targets is uneven.", "imgid": 1080, "sentid": 5401}, {"tokens": ["The", "ship", "target", "occupies", "only", "a", "few", "pixels"], "raw": "The ship target occupies only a few pixels.", "imgid": 1080, "sentid": 5402}, {"tokens": ["Ship", "targets", "are", "distributed", "at", "the", "edge", "of", "the", "image"], "raw": "Ship targets are distributed at the edge of the image.", "imgid": 1080, "sentid": 5403}, {"tokens": ["The", "image", "background", "is", "clear"], "raw": "The image background is clear.", "imgid": 1080, "sentid": 5404}], "split": "train", "sentids": [5400, 5401, 5402, 5403, 5404]}