{"filename": "001041.jpg", "imgid": 1040, "sentences": [{"tokens": ["There", "is", "only", "one", "ship", "on", "the", "sea"], "raw": "There is only one ship on the sea.", "imgid": 1040, "sentid": 5200}, {"tokens": ["The", "outline", "of", "the", "ship", "is", "not", "clear"], "raw": "The outline of the ship is not clear.", "imgid": 1040, "sentid": 5201}, {"tokens": ["There", "are", "only", "ships", "on", "the", "sea"], "raw": "There are only ships on the sea.", "imgid": 1040, "sentid": 5202}, {"tokens": ["There", "is", "no", "land", "in", "the", "image"], "raw": "There is no land in the image.", "imgid": 1040, "sentid": 5203}, {"tokens": ["The", "ship", "is", "at", "the", "edge", "of", "the", "image"], "raw": "The ship is at the edge of the image.", "imgid": 1040, "sentid": 5204}], "split": "train", "sentids": [5200, 5201, 5202, 5203, 5204]}