{"filename": "001067.jpg", "imgid": 1066, "sentences": [{"tokens": ["There", "is", "only", "one", "ship", "on", "image"], "raw": "There is only one ship on image.", "imgid": 1066, "sentid": 5330}, {"tokens": ["The", "outline", "of", "the", "ship", "is", "blurred"], "raw": "The outline of the ship is blurred.", "imgid": 1066, "sentid": 5331}, {"tokens": ["There", "are", "only", "ships", "in", "the", "image"], "raw": "There are only ships in the image.", "imgid": 1066, "sentid": 5332}, {"tokens": ["The", "comparison", "between", "ship", "target", "and", "sea", "surface", "is", "not", "obvious"], "raw": "The comparison between ship target and sea surface is not obvious.", "imgid": 1066, "sentid": 5333}, {"tokens": ["The", "ship", "target", "is", "located", "in", "the", "center", "of", "the", "image"], "raw": "The ship target is located in the center of the image.", "imgid": 1066, "sentid": 5334}], "split": "train", "sentids": [5330, 5331, 5332, 5333, 5334]}