{"filename": "001011.jpg", "imgid": 1010, "sentences": [{"tokens": ["There", "are", "many", "ships", "on", "the", "sea"], "raw": "There are many ships on the sea.", "imgid": 1010, "sentid": 5050}, {"tokens": ["Ships", "are", "scattered", "over", "the", "sea"], "raw": "Ships are scattered over the sea.", "imgid": 1010, "sentid": 5051}, {"tokens": ["There", "is", "a", "port", "on", "the", "image"], "raw": "There is a port on the image.", "imgid": 1010, "sentid": 5052}, {"tokens": ["The", "size", "of", "ship", "targets", "on", "the", "sea", "varies", "greatly"], "raw": "The size of ship targets on the sea varies greatly.", "imgid": 1010, "sentid": 5053}, {"tokens": ["All", "ships", "are", "far", "from", "the", "port"], "raw": "All ships are far from the port.", "imgid": 1010, "sentid": 5054}], "split": "train", "sentids": [5050, 5051, 5052, 5053, 5054]}