{"filename": "001088.jpg", "imgid": 1087, "sentences": [{"tokens": ["The", "reflection", "of", "ship", "target", "is", "obvious"], "raw": "The reflection of ship target is obvious.", "imgid": 1087, "sentid": 5435}, {"tokens": ["There", "is", "a", "port", "on", "the", "image"], "raw": "There is a port on the image.", "imgid": 1087, "sentid": 5436}, {"tokens": ["There", "is", "also", "an", "island", "on", "the", "image"], "raw": "There is also an island on the image.", "imgid": 1087, "sentid": 5437}, {"tokens": ["Islands", "are", "close", "to", "land"], "raw": "Islands are close to land.", "imgid": 1087, "sentid": 5438}, {"tokens": ["Ships", "are", "far", "away", "from", "land", "and", "islands"], "raw": "Ships are far away from land and islands.", "imgid": 1087, "sentid": 5439}], "split": "train", "sentids": [5435, 5436, 5437, 5438, 5439]}