{"filename": "001005.jpg", "imgid": 1004, "sentences": [{"tokens": ["There", "is", "only", "one", "ship", "in", "the", "picture"], "raw": "There is only one ship in the picture.", "imgid": 1004, "sentid": 5020}, {"tokens": ["There", "was", "nothing", "on", "the", "sea", "but", "a", "boat"], "raw": "There was nothing on the sea but a boat.", "imgid": 1004, "sentid": 5021}, {"tokens": ["The", "outline", "of", "the", "ship", "is", "very", "obvious"], "raw": "The outline of the ship is very obvious.", "imgid": 1004, "sentid": 5022}, {"tokens": ["The", "ship", "is", "in", "the", "center", "of", "the", "image"], "raw": "The ship is in the center of the image.", "imgid": 1004, "sentid": 5023}, {"tokens": ["There", "is", "only", "one", "ship", "in", "the", "image"], "raw": "There is only one ship in the image.", "imgid": 1004, "sentid": 5024}], "split": "train", "sentids": [5020, 5021, 5022, 5023, 5024]}