{"filename": "001064.jpg", "imgid": 1063, "sentences": [{"tokens": ["There", "are", "two", "ships", "in", "the", "image"], "raw": "There are two ships in the image.", "imgid": 1063, "sentid": 5315}, {"tokens": ["One", "ship", "has", "a", "strong", "reflection"], "raw": "One ship has a strong reflection.", "imgid": 1063, "sentid": 5316}, {"tokens": ["There", "is", "a", "ship", "with", "a", "clear", "outline"], "raw": "There is a ship with a clear outline.", "imgid": 1063, "sentid": 5317}, {"tokens": ["There", "is", "a", "ship", "with", "a", "clear", "outline"], "raw": "There is a ship with a clear outline.", "imgid": 1063, "sentid": 5318}, {"tokens": ["The", "outline", "of", "the", "other", "ship", "is", "not", "clear"], "raw": "The outline of the other ship is not clear.", "imgid": 1063, "sentid": 5319}], "split": "train", "sentids": [5315, 5316, 5317, 5318, 5319]}