{"filename": "001050.jpg", "imgid": 1049, "sentences": [{"tokens": ["There", "is", "only", "one", "ship", "on", "the", "sea"], "raw": "There is only one ship on the sea.", "imgid": 1049, "sentid": 5245}, {"tokens": ["The", "ship", "is", "obvious", "in", "the", "image"], "raw": "The ship is obvious in the image.", "imgid": 1049, "sentid": 5246}, {"tokens": ["The", "ship", "contrasts", "sharply", "with", "the", "background", "in", "the", "image"], "raw": "The ship contrasts sharply with the background in the image.", "imgid": 1049, "sentid": 5247}, {"tokens": ["There", "are", "only", "ships", "on", "the", "sea"], "raw": "There are only ships on the sea.", "imgid": 1049, "sentid": 5248}, {"tokens": ["The", "image", "does", "not", "contain", "land", "targets"], "raw": "The image does not contain land targets.", "imgid": 1049, "sentid": 5249}], "split": "train", "sentids": [5245, 5246, 5247, 5248, 5249]}