{"filename": "001033.jpg", "imgid": 1032, "sentences": [{"tokens": ["There", "is", "only", "one", "ship", "on", "the", "sea"], "raw": "There is only one ship on the sea.", "imgid": 1032, "sentid": 5160}, {"tokens": ["The", "outline", "of", "the", "ship", "is", "not", "clear"], "raw": "The outline of the ship is not clear.", "imgid": 1032, "sentid": 5161}, {"tokens": ["The", "ship", "target", "is", "moving"], "raw": "The ship target is moving.", "imgid": 1032, "sentid": 5162}, {"tokens": ["There", "is", "no", "land", "in", "the", "image"], "raw": "There is no land in the image.", "imgid": 1032, "sentid": 5163}, {"tokens": ["The", "ship", "target", "is", "obvious"], "raw": "The ship target is obvious.", "imgid": 1032, "sentid": 5164}], "split": "train", "sentids": [5160, 5161, 5162, 5163, 5164]}