{"filename": "001086.jpg", "imgid": 1085, "sentences": [{"tokens": ["There", "is", "a", "large", "piece", "of", "land", "information", "on", "the", "image"], "raw": "There is a large piece of land information on the image.", "imgid": 1085, "sentid": 5425}, {"tokens": ["Land", "targets", "are", "more", "obvious", "than", "ship", "targets"], "raw": "Land targets are more obvious than ship targets.", "imgid": 1085, "sentid": 5426}, {"tokens": ["The", "size", "of", "ship", "target", "is", "very", "small", "in", "the", "image"], "raw": "The size of ship target is very small in the image.", "imgid": 1085, "sentid": 5427}, {"tokens": ["Ship", "targets", "are", "far", "from", "land"], "raw": "Ship targets are far from land.", "imgid": 1085, "sentid": 5428}, {"tokens": ["There", "is", "only", "one", "obvious", "ship", "in", "the", "target", "sea", "area"], "raw": "There is only one obvious ship in the target sea area.", "imgid": 1085, "sentid": 5429}], "split": "train", "sentids": [5425, 5426, 5427, 5428, 5429]}