{"filename": "001094.jpg", "imgid": 1093, "sentences": [{"tokens": ["There", "are", "several", "ships", "in", "the", "image"], "raw": "There are several ships in the image.", "imgid": 1093, "sentid": 5465}, {"tokens": ["The", "ships", "are", "scattered", "in", "the", "center", "of", "the", "image"], "raw": "The ships are scattered in the center of the image.", "imgid": 1093, "sentid": 5466}, {"tokens": ["The", "ships", "are", "rectangular", "in", "the", "image"], "raw": "The ships are rectangular in the image.", "imgid": 1093, "sentid": 5467}, {"tokens": ["These", "ships", "are", "scattered", "among", "each", "other"], "raw": "These ships are scattered among each other.", "imgid": 1093, "sentid": 5468}, {"tokens": ["These", "ships", "are", "similar", "in", "size"], "raw": "These ships are similar in size.", "imgid": 1093, "sentid": 5469}], "split": "train", "sentids": [5465, 5466, 5467, 5468, 5469]}