{"filename": "001089.jpg", "imgid": 1088, "sentences": [{"tokens": ["There", "are", "many", "boats", "scattered", "on", "the", "sea"], "raw": "There are many boats scattered on the sea.", "imgid": 1088, "sentid": 5440}, {"tokens": ["The", "size", "difference", "of", "these", "ships", "is", "not", "obvious"], "raw": "The size difference of these ships is not obvious.", "imgid": 1088, "sentid": 5441}, {"tokens": ["These", "ships", "are", "far", "from", "land"], "raw": "These ships are far from land.", "imgid": 1088, "sentid": 5442}, {"tokens": ["These", "ships", "are", "scattered", "among", "each", "other"], "raw": "These ships are scattered among each other.", "imgid": 1088, "sentid": 5443}, {"tokens": ["These", "ships", "are", "obvious", "in", "the", "image"], "raw": "These ships are obvious in the image.", "imgid": 1088, "sentid": 5444}], "split": "train", "sentids": [5440, 5441, 5442, 5443, 5444]}