{"filename": "001072.jpg", "imgid": 1071, "sentences": [{"tokens": ["There", "are", "only", "two", "ships", "in", "the", "image"], "raw": "There are only two ships in the image.", "imgid": 1071, "sentid": 5355}, {"tokens": ["There", "is", "nothing", "on", "the", "picture", "except", "two", "ships"], "raw": "There is nothing on the picture except two ships.", "imgid": 1071, "sentid": 5356}, {"tokens": ["The", "two", "ships", "are", "not", "far", "from", "each", "other"], "raw": "The two ships are not far from each other.", "imgid": 1071, "sentid": 5357}, {"tokens": ["There", "is", "little", "difference", "in", "size", "between", "the", "two", "ships"], "raw": "There is little difference in size between the two ships.", "imgid": 1071, "sentid": 5358}, {"tokens": ["There", "are", "no", "land", "targets", "in", "the", "image"], "raw": "There are no land targets in the image.", "imgid": 1071, "sentid": 5359}], "split": "train", "sentids": [5355, 5356, 5357, 5358, 5359]}