{"filename": "001065.jpg", "imgid": 1064, "sentences": [{"tokens": ["The", "ship", "target", "on", "the", "image", "is", "not", "obvious"], "raw": "The ship target on the image is not obvious.", "imgid": 1064, "sentid": 5320}, {"tokens": ["There", "is", "only", "a", "small", "part", "of", "the", "land", "in", "the", "image"], "raw": "There is only a small part of the land in the image.", "imgid": 1064, "sentid": 5321}, {"tokens": ["The", "ocean", "occupies", "the", "vast", "majority", "of", "the", "area"], "raw": "The ocean occupies the vast majority of the area.", "imgid": 1064, "sentid": 5322}, {"tokens": ["The", "ship", "target", "is", "only", "a", "few", "pixels", "in", "size"], "raw": "The ship target is only a few pixels in size.", "imgid": 1064, "sentid": 5323}, {"tokens": ["The", "outline", "of", "the", "ship", "is", "not", "clear"], "raw": "The outline of the ship is not clear.", "imgid": 1064, "sentid": 5324}], "split": "train", "sentids": [5320, 5321, 5322, 5323, 5324]}