{"filename": "001077.jpg", "imgid": 1076, "sentences": [{"tokens": ["Several", "ships", "are", "distributed", "on", "the", "image"], "raw": "Several ships are distributed on the image.", "imgid": 1076, "sentid": 5380}, {"tokens": ["The", "difference", "of", "ship", "target", "size", "is", "obvious"], "raw": "The difference of ship target size is obvious.", "imgid": 1076, "sentid": 5381}, {"tokens": ["The", "outline", "of", "the", "ship", "target", "is", "not", "clear"], "raw": "The outline of the ship target is not clear.", "imgid": 1076, "sentid": 5382}, {"tokens": ["There", "are", "only", "some", "ships", "on", "the", "sea"], "raw": "There are only some ships on the sea.", "imgid": 1076, "sentid": 5383}, {"tokens": ["The", "image", "background", "is", "not", "clear"], "raw": "The image background is not clear.", "imgid": 1076, "sentid": 5384}], "split": "train", "sentids": [5380, 5381, 5382, 5383, 5384]}