{"filename": "001019.jpg", "imgid": 1018, "sentences": [{"tokens": ["There", "are", "many", "ships", "on", "the", "sea"], "raw": "There are many ships on the sea.", "imgid": 1018, "sentid": 5090}, {"tokens": ["The", "ship", "target", "is", "not", "obvious", "compared", "with", "the", "land"], "raw": "The ship target is not obvious compared with the land.", "imgid": 1018, "sentid": 5091}, {"tokens": ["There", "is", "a", "small", "piece", "of", "land", "on", "the", "image"], "raw": "There is a small piece of land on the image.", "imgid": 1018, "sentid": 5092}, {"tokens": ["The", "ship", "target", "is", "only", "represented", "as", "a", "few", "points", "in", "the", "image"], "raw": "The ship target is only represented as a few points in the image.", "imgid": 1018, "sentid": 5093}, {"tokens": ["The", "ship", "target", "is", "relatively", "obvious"], "raw": "The ship target is relatively obvious.", "imgid": 1018, "sentid": 5094}], "split": "train", "sentids": [5090, 5091, 5092, 5093, 5094]}