{"filename": "001040.jpg", "imgid": 1039, "sentences": [{"tokens": ["There", "are", "two", "ships", "at", "the", "edge", "of", "the", "image"], "raw": "There are two ships at the edge of the image.", "imgid": 1039, "sentid": 5195}, {"tokens": ["The", "two", "ships", "are", "nearer"], "raw": "The two ships are nearer.", "imgid": 1039, "sentid": 5196}, {"tokens": ["One", "ship", "is", "more", "obvious", "than", "the", "other"], "raw": "One ship is more obvious than the other.", "imgid": 1039, "sentid": 5197}, {"tokens": ["The", "sea", "is", "not", "calm"], "raw": "The sea is not calm.", "imgid": 1039, "sentid": 5198}, {"tokens": ["There", "are", "only", "ships", "on", "the", "sea"], "raw": "There are only ships on the sea.", "imgid": 1039, "sentid": 5199}], "split": "train", "sentids": [5195, 5196, 5197, 5198, 5199]}