{"filename": "001092.jpg", "imgid": 1091, "sentences": [{"tokens": ["There", "are", "many", "ships", "in", "the", "image"], "raw": "There are many ships in the image.", "imgid": 1091, "sentid": 5455}, {"tokens": ["One", "ship", "is", "more", "obvious", "than", "the", "others"], "raw": "One ship is more obvious than the others.", "imgid": 1091, "sentid": 5456}, {"tokens": ["These", "ships", "are", "not", "much", "different", "in", "size"], "raw": "These ships are not much different in size.", "imgid": 1091, "sentid": 5457}, {"tokens": ["Ships", "are", "not", "adjacent"], "raw": "Ships are not adjacent.", "imgid": 1091, "sentid": 5458}, {"tokens": ["The", "background", "on", "the", "image", "is", "obvious"], "raw": "The background on the image is obvious.", "imgid": 1091, "sentid": 5459}], "split": "train", "sentids": [5455, 5456, 5457, 5458, 5459]}