{"filename": "001038.jpg", "imgid": 1037, "sentences": [{"tokens": ["There", "are", "several", "ships", "in", "the", "image"], "raw": "There are several ships in the image.", "imgid": 1037, "sentid": 5185}, {"tokens": ["One", "of", "them", "has", "the", "strongest", "reflection"], "raw": "One of them has the strongest reflection.", "imgid": 1037, "sentid": 5186}, {"tokens": ["All", "the", "ships", "are", "scattered"], "raw": "All the ships are scattered.", "imgid": 1037, "sentid": 5187}, {"tokens": ["Ship", "target", "sizes", "vary", "greatly"], "raw": "Ship target sizes vary greatly.", "imgid": 1037, "sentid": 5188}, {"tokens": ["There", "is", "no", "land", "in", "the", "image"], "raw": "There is no land in the image.", "imgid": 1037, "sentid": 5189}], "split": "train", "sentids": [5185, 5186, 5187, 5188, 5189]}