{"filename": "001071.jpg", "imgid": 1070, "sentences": [{"tokens": ["There", "is", "only", "one", "ship", "on", "the", "sea"], "raw": "There is only one ship on the sea.", "imgid": 1070, "sentid": 5350}, {"tokens": ["The", "outline", "of", "the", "ship", "is", "not", "obvious"], "raw": "The outline of the ship is not obvious.", "imgid": 1070, "sentid": 5351}, {"tokens": ["The", "ship", "is", "located", "at", "the", "edge", "of", "the", "image"], "raw": "The ship is located at the edge of the image.", "imgid": 1070, "sentid": 5352}, {"tokens": ["The", "ship", "occupies", "a", "small", "part"], "raw": "The ship occupies a small part.", "imgid": 1070, "sentid": 5353}, {"tokens": ["The", "background", "of", "the", "image", "is", "only", "the", "ocean"], "raw": "The background of the image is only the ocean.", "imgid": 1070, "sentid": 5354}], "split": "train", "sentids": [5350, 5351, 5352, 5353, 5354]}