{"filename": "001016.jpg", "imgid": 1015, "sentences": [{"tokens": ["There", "are", "many", "images", "on", "the", "ship"], "raw": "There are many images on the ship.", "imgid": 1015, "sentid": 5075}, {"tokens": ["Ship", "targets", "are", "scattered", "on", "the", "sea"], "raw": "Ship targets are scattered on the sea.", "imgid": 1015, "sentid": 5076}, {"tokens": ["Ship", "targets", "vary", "in", "size"], "raw": "Ship targets vary in size.", "imgid": 1015, "sentid": 5077}, {"tokens": ["There", "are", "great", "differences", "between", "ship", "targets"], "raw": "There are great differences between ship targets.", "imgid": 1015, "sentid": 5078}, {"tokens": ["There", "is", "a", "small", "piece", "of", "land", "on", "the", "image"], "raw": "There is a small piece of land on the image.", "imgid": 1015, "sentid": 5079}], "split": "train", "sentids": [5075, 5076, 5077, 5078, 5079]}