{"filename": "001057.jpg", "imgid": 1056, "sentences": [{"tokens": ["There", "is", "a", "port", "on", "the", "image"], "raw": "There is a port on the image.", "imgid": 1056, "sentid": 5280}, {"tokens": ["There", "is", "a", "ship", "docked", "in", "the", "port"], "raw": "There is a ship docked in the port.", "imgid": 1056, "sentid": 5281}, {"tokens": ["There", "are", "many", "buildings", "on", "land"], "raw": "There are many buildings on land.", "imgid": 1056, "sentid": 5282}, {"tokens": ["There", "is", "only", "one", "ship", "in", "the", "whole", "image"], "raw": "There is only one ship in the whole image.", "imgid": 1056, "sentid": 5283}, {"tokens": ["The", "ship", "target", "is", "not", "obvious"], "raw": "The ship target is not obvious.", "imgid": 1056, "sentid": 5284}], "split": "train", "sentids": [5280, 5281, 5282, 5283, 5284]}