{"filename": "001017.jpg", "imgid": 1016, "sentences": [{"tokens": ["There", "are", "huge", "differences", "in", "ship", "targets", "in", "the", "image"], "raw": "There are huge differences in ship targets in the image.", "imgid": 1016, "sentid": 5080}, {"tokens": ["There", "is", "an", "obvious", "port", "on", "the", "target"], "raw": "There is an obvious port on the target.", "imgid": 1016, "sentid": 5081}, {"tokens": ["All", "the", "ships", "are", "not", "in", "the", "port"], "raw": "All the ships are not in the port.", "imgid": 1016, "sentid": 5082}, {"tokens": ["The", "most", "obvious", "target", "in", "the", "image", "is", "a", "port"], "raw": "The most obvious target in the image is a port.", "imgid": 1016, "sentid": 5083}, {"tokens": ["Only", "one", "of", "the", "ships", "has", "a", "clear", "outline"], "raw": "Only one of the ships has a clear outline.", "imgid": 1016, "sentid": 5084}], "split": "train", "sentids": [5080, 5081, 5082, 5083, 5084]}