{"filename": "001029.jpg", "imgid": 1028, "sentences": [{"tokens": ["The", "ship", "target", "on", "the", "image", "is", "only", "a", "few", "pixels", "in", "size"], "raw": "The ship target on the image is only a few pixels in size.", "imgid": 1028, "sentid": 5140}, {"tokens": ["There", "are", "several", "ship", "targets", "in", "the", "image"], "raw": "There are several ship targets in the image.", "imgid": 1028, "sentid": 5141}, {"tokens": ["The", "ship", "target", "contour", "is", "not", "obvious"], "raw": "The ship target contour is not obvious.", "imgid": 1028, "sentid": 5142}, {"tokens": ["The", "ships", "in", "the", "image", "are", "scattered"], "raw": "The ships in the image are scattered.", "imgid": 1028, "sentid": 5143}, {"tokens": ["The", "ship", "target", "size", "on", "the", "image", "has", "little", "difference"], "raw": "The ship target size on the image has little difference.", "imgid": 1028, "sentid": 5144}], "split": "train", "sentids": [5140, 5141, 5142, 5143, 5144]}