{"filename": "001087.jpg", "imgid": 1086, "sentences": [{"tokens": ["Ship", "targets", "are", "scattered", "in", "the", "image", "sea", "area"], "raw": "Ship targets are scattered in the image sea area.", "imgid": 1086, "sentid": 5430}, {"tokens": ["The", "difference", "of", "ship", "target", "size", "is", "obvious"], "raw": "The difference of ship target size is obvious.", "imgid": 1086, "sentid": 5431}, {"tokens": ["Land", "occupies", "a", "part", "of", "the", "image"], "raw": "Land occupies a part of the image.", "imgid": 1086, "sentid": 5432}, {"tokens": ["None", "of", "the", "ship", "targets", "landed"], "raw": "None of the ship targets landed.", "imgid": 1086, "sentid": 5433}, {"tokens": ["The", "reflection", "of", "ship", "target", "is", "obvious"], "raw": "The reflection of ship target is obvious.", "imgid": 1086, "sentid": 5434}], "split": "train", "sentids": [5430, 5431, 5432, 5433, 5434]}