{"filename": "001098.jpg", "imgid": 1097, "sentences": [{"tokens": ["These", "ships", "are", "far", "away", "from", "each", "other"], "raw": "These ships are far away from each other.", "imgid": 1097, "sentid": 5485}, {"tokens": ["The", "image", "is", "dotted", "with", "several", "ships"], "raw": "The image is dotted with several ships.", "imgid": 1097, "sentid": 5486}, {"tokens": ["These", "ships", "differ", "little", "in", "size"], "raw": "These ships differ little in size.", "imgid": 1097, "sentid": 5487}, {"tokens": ["The", "most", "obvious", "thing", "on", "the", "sea", "is", "the", "ship"], "raw": "The most obvious thing on the sea is the ship.", "imgid": 1097, "sentid": 5488}, {"tokens": ["Ships", "are", "not", "densely", "distributed"], "raw": "Ships are not densely distributed.", "imgid": 1097, "sentid": 5489}], "split": "train", "sentids": [5485, 5486, 5487, 5488, 5489]}