{"filename": "001030.jpg", "imgid": 1029, "sentences": [{"tokens": ["The", "image", "shows", "a", "large", "area", "of", "land"], "raw": "The image shows a large area of land", "imgid": 1029, "sentid": 5145}, {"tokens": ["There", "are", "two", "ships", "in", "the", "image"], "raw": "There are two ships in the image.", "imgid": 1029, "sentid": 5146}, {"tokens": ["The", "sea", "is", "surrounded", "by", "land"], "raw": "The sea is surrounded by land.", "imgid": 1029, "sentid": 5147}, {"tokens": ["Ships", "are", "far", "from", "land"], "raw": "Ships are far from land.", "imgid": 1029, "sentid": 5148}, {"tokens": ["The", "two", "ships", "are", "far", "apart"], "raw": "The two ships are far apart.", "imgid": 1029, "sentid": 5149}], "split": "train", "sentids": [5145, 5146, 5147, 5148, 5149]}