{"filename": "001015.jpg", "imgid": 1014, "sentences": [{"tokens": ["The", "image", "is", "dotted", "with", "many", "ships"], "raw": "The image is dotted with many ships.", "imgid": 1014, "sentid": 5070}, {"tokens": ["The", "land", "information", "in", "the", "image", "is", "very", "rich"], "raw": "The land information in the image is very rich.", "imgid": 1014, "sentid": 5071}, {"tokens": ["There", "are", "both", "ports", "and", "buildings", "in", "the", "image"], "raw": "There are both ports and buildings in the image.", "imgid": 1014, "sentid": 5072}, {"tokens": ["Land", "occupies", "a", "large", "part"], "raw": "Land occupies a large part.", "imgid": 1014, "sentid": 5073}, {"tokens": ["Ships", "are", "scattered"], "raw": "Ships are scattered.", "imgid": 1014, "sentid": 5074}], "split": "train", "sentids": [5070, 5071, 5072, 5073, 5074]}