{"filename": "001169.jpg", "imgid": 1168, "sentences": [{"tokens": ["There", "is", "only", "one", "ship", "on", "the", "sea"], "raw": "There is only one ship on the sea.", "imgid": 1168, "sentid": 5840}, {"tokens": ["The", "ship", "is", "not", "obvious"], "raw": "The ship is not obvious.", "imgid": 1168, "sentid": 5841}, {"tokens": ["The", "ship", "abuts", "on", "land"], "raw": "The ship abuts on land.", "imgid": 1168, "sentid": 5842}, {"tokens": ["Land", "occupies", "most", "of", "the", "picture"], "raw": "Land occupies most of the picture.", "imgid": 1168, "sentid": 5843}, {"tokens": ["There", "is", "only", "a", "small", "part", "of", "the", "sea"], "raw": "There is only a small part of the sea.", "imgid": 1168, "sentid": 5844}], "split": "train", "sentids": [5840, 5841, 5842, 5843, 5844]}