{"filename": "001170.jpg", "imgid": 1169, "sentences": [{"tokens": ["Neither", "land", "nor", "ship", "targets", "are", "clear", "in", "the", "image"], "raw": "Neither land nor ship targets are clear in the image.", "imgid": 1169, "sentid": 5845}, {"tokens": ["There", "is", "a", "lot", "of", "noise", "on", "the", "image"], "raw": "There is a lot of noise on the image.", "imgid": 1169, "sentid": 5846}, {"tokens": ["There", "is", "a", "ship", "near", "the", "land"], "raw": "There is a ship near the land.", "imgid": 1169, "sentid": 5847}, {"tokens": ["There", "is", "a", "ship", "docked", "in", "the", "port"], "raw": "There is a ship docked in the port.", "imgid": 1169, "sentid": 5848}, {"tokens": ["The", "ship", "target", "is", "unclear"], "raw": "The ship target is unclear.", "imgid": 1169, "sentid": 5849}], "split": "train", "sentids": [5845, 5846, 5847, 5848, 5849]}