{"filename": "001153.jpg", "imgid": 1152, "sentences": [{"tokens": ["There", "are", "many", "ships", "on", "the", "image"], "raw": "There are many ships on the image.", "imgid": 1152, "sentid": 5760}, {"tokens": ["These", "ships", "vary", "greatly", "in", "size"], "raw": "These ships vary greatly in size.", "imgid": 1152, "sentid": 5761}, {"tokens": ["These", "ships", "are", "distributed", "on", "one", "side", "of", "the", "image"], "raw": "These ships are distributed on one side of the image.", "imgid": 1152, "sentid": 5762}, {"tokens": ["These", "ships", "have", "a", "clear", "outline"], "raw": "These ships have a clear outline.", "imgid": 1152, "sentid": 5763}, {"tokens": ["These", "ships", "are", "scattered", "among", "each", "other"], "raw": "These ships are scattered among each other.", "imgid": 1152, "sentid": 5764}], "split": "train", "sentids": [5760, 5761, 5762, 5763, 5764]}