{"filename": "001163.jpg", "imgid": 1162, "sentences": [{"tokens": ["There", "are", "many", "ships", "on", "the", "image"], "raw": "There are many ships on the image.", "imgid": 1162, "sentid": 5810}, {"tokens": ["There", "is", "a", "big", "island", "in", "the", "image"], "raw": "There is a big island in the image.", "imgid": 1162, "sentid": 5811}, {"tokens": ["Ships", "and", "targets", "are", "far", "away", "from", "the", "island"], "raw": "Ships and targets are far away from the island.", "imgid": 1162, "sentid": 5812}, {"tokens": ["The", "outline", "of", "the", "ship", "target", "is", "clear"], "raw": "The outline of the ship target is clear.", "imgid": 1162, "sentid": 5813}, {"tokens": ["Ship", "targets", "are", "far", "away", "from", "each", "other"], "raw": "Ship targets are far away from each other.", "imgid": 1162, "sentid": 5814}], "split": "train", "sentids": [5810, 5811, 5812, 5813, 5814]}