{"filename": "001143.jpg", "imgid": 1142, "sentences": [{"tokens": ["There", "are", "many", "ships", "on", "the", "sea"], "raw": "There are many ships on the sea.", "imgid": 1142, "sentid": 5710}, {"tokens": ["These", "ships", "have", "a", "clear", "outline"], "raw": "These ships have a clear outline.", "imgid": 1142, "sentid": 5711}, {"tokens": ["These", "ships", "are", "far", "away", "from", "each", "other"], "raw": "These ships are far away from each other.", "imgid": 1142, "sentid": 5712}, {"tokens": ["There", "are", "only", "these", "ships", "on", "the", "sea"], "raw": "There are only these ships on the sea.", "imgid": 1142, "sentid": 5713}, {"tokens": ["The", "image", "background", "is", "clear"], "raw": "The image background is clear.", "imgid": 1142, "sentid": 5714}], "split": "train", "sentids": [5710, 5711, 5712, 5713, 5714]}