{"filename": "001181.jpg", "imgid": 1180, "sentences": [{"tokens": ["There", "are", "many", "ships", "in", "the", "image"], "raw": "There are many ships in the image.", "imgid": 1180, "sentid": 5900}, {"tokens": ["These", "ships", "are", "all", "tied", "together"], "raw": "These ships are all tied together.", "imgid": 1180, "sentid": 5901}, {"tokens": ["None", "of", "these", "ships", "is", "close", "to", "land"], "raw": "None of these ships is close to land.", "imgid": 1180, "sentid": 5902}, {"tokens": ["There", "are", "many", "pieces", "of", "land", "on", "the", "image"], "raw": "There are many pieces of land on the image.", "imgid": 1180, "sentid": 5903}, {"tokens": ["Ships", "are", "far", "from", "land"], "raw": "Ships are far from land.", "imgid": 1180, "sentid": 5904}], "split": "train", "sentids": [5900, 5901, 5902, 5903, 5904]}