{"filename": "001119.jpg", "imgid": 1118, "sentences": [{"tokens": ["There", "is", "a", "large", "part", "of", "land", "in", "the", "image"], "raw": "There is a large part of land in the image.", "imgid": 1118, "sentid": 5590}, {"tokens": ["There", "are", "many", "ship", "targets", "on", "the", "sea"], "raw": "There are many ship targets on the sea.", "imgid": 1118, "sentid": 5591}, {"tokens": ["There", "are", "obvious", "differences", "in", "the", "target", "size", "of", "ships", "on", "the", "sea"], "raw": "There are obvious differences in the target size of ships on the sea.", "imgid": 1118, "sentid": 5592}, {"tokens": ["Ships", "and", "targets", "are", "far", "from", "land"], "raw": "Ships and targets are far from land.", "imgid": 1118, "sentid": 5593}, {"tokens": ["There", "are", "many", "buildings", "on", "land"], "raw": "There are many buildings on land.", "imgid": 1118, "sentid": 5594}], "split": "train", "sentids": [5590, 5591, 5592, 5593, 5594]}