{"filename": "001123.jpg", "imgid": 1122, "sentences": [{"tokens": ["There", "are", "some", "ships", "on", "the", "sea"], "raw": "There are some ships on the sea.", "imgid": 1122, "sentid": 5610}, {"tokens": ["These", "ships", "are", "distributed", "on", "one", "side", "of", "the", "image"], "raw": "These ships are distributed on one side of the image.", "imgid": 1122, "sentid": 5611}, {"tokens": ["These", "ships", "are", "concentrated"], "raw": "These ships are concentrated.", "imgid": 1122, "sentid": 5612}, {"tokens": ["These", "ships", "are", "similar", "in", "size"], "raw": "These ships are similar in size.", "imgid": 1122, "sentid": 5613}, {"tokens": ["There", "is", "nothing", "on", "the", "sea", "but", "ships"], "raw": "There is nothing on the sea but ships.", "imgid": 1122, "sentid": 5614}], "split": "train", "sentids": [5610, 5611, 5612, 5613, 5614]}