{"filename": "001121.jpg", "imgid": 1120, "sentences": [{"tokens": ["There", "are", "several", "scattered", "pieces", "of", "land", "in", "the", "image"], "raw": "There are several scattered pieces of land in the image.", "imgid": 1120, "sentid": 5600}, {"tokens": ["Several", "pieces", "of", "land", "are", "separated", "by", "the", "sea"], "raw": "Several pieces of land are separated by the sea.", "imgid": 1120, "sentid": 5601}, {"tokens": ["There", "are", "some", "buildings", "on", "land"], "raw": "There are some buildings on land.", "imgid": 1120, "sentid": 5602}, {"tokens": ["There", "is", "only", "one", "ship", "on", "the", "sea"], "raw": "There is only one ship on the sea.", "imgid": 1120, "sentid": 5603}, {"tokens": ["Land", "occupies", "a", "large", "area"], "raw": "Land occupies a large area.", "imgid": 1120, "sentid": 5604}], "split": "train", "sentids": [5600, 5601, 5602, 5603, 5604]}