{"filename": "001118.jpg", "imgid": 1117, "sentences": [{"tokens": ["There", "are", "many", "ships", "scattered", "on", "the", "sea"], "raw": "There are many ships scattered on the sea.", "imgid": 1117, "sentid": 5585}, {"tokens": ["The", "ship", "target", "is", "obvious"], "raw": "The ship target is obvious.", "imgid": 1117, "sentid": 5586}, {"tokens": ["The", "area", "occupied", "by", "the", "ship", "target", "is", "small"], "raw": "The area occupied by the ship target is small.", "imgid": 1117, "sentid": 5587}, {"tokens": ["The", "area", "occupied", "by", "the", "ship", "target", "is", "small"], "raw": "The area occupied by the ship target is small.", "imgid": 1117, "sentid": 5588}, {"tokens": ["The", "ship", "targets", "are", "very", "scattered"], "raw": "The ship targets are very scattered.", "imgid": 1117, "sentid": 5589}], "split": "train", "sentids": [5585, 5586, 5587, 5588, 5589]}