{"filename": "001198.jpg", "imgid": 1197, "sentences": [{"tokens": ["There", "is", "only", "one", "ship", "in", "the", "target", "area"], "raw": "There is only one ship in the target area.", "imgid": 1197, "sentid": 5985}, {"tokens": ["The", "ship", "target", "in", "the", "image", "area", "is", "very", "obvious"], "raw": "The ship target in the image area is very obvious.", "imgid": 1197, "sentid": 5986}, {"tokens": ["The", "ship", "target", "is", "the", "most", "obvious", "in", "the", "image"], "raw": "The ship target is the most obvious in the image.", "imgid": 1197, "sentid": 5987}, {"tokens": ["The", "ship", "is", "in", "the", "center", "of", "the", "image"], "raw": "The ship is in the center of the image.", "imgid": 1197, "sentid": 5988}, {"tokens": ["The", "ship", "has", "a", "clear", "outline"], "raw": "The ship has a clear outline.", "imgid": 1197, "sentid": 5989}], "split": "train", "sentids": [5985, 5986, 5987, 5988, 5989]}