{"filename": "001190.jpg", "imgid": 1189, "sentences": [{"tokens": ["A", "ship", "docked", "at", "the", "shore"], "raw": "A ship docked at the shore.", "imgid": 1189, "sentid": 5945}, {"tokens": ["A", "ship", "docked", "in", "the", "port"], "raw": "A ship docked in the port.", "imgid": 1189, "sentid": 5946}, {"tokens": ["There", "is", "only", "one", "ship", "in", "the", "picture"], "raw": "There is only one ship in the picture.", "imgid": 1189, "sentid": 5947}, {"tokens": ["The", "sea", "covers", "a", "small", "area"], "raw": "The sea covers a small area.", "imgid": 1189, "sentid": 5948}, {"tokens": ["The", "outline", "of", "the", "ship", "is", "not", "obvious"], "raw": "The outline of the ship is not obvious.", "imgid": 1189, "sentid": 5949}], "split": "train", "sentids": [5945, 5946, 5947, 5948, 5949]}