{"filename": "001157.jpg", "imgid": 1156, "sentences": [{"tokens": ["The", "image", "shows", "a", "large", "area", "of", "land"], "raw": "The image shows a large area of land.", "imgid": 1156, "sentid": 5780}, {"tokens": ["There", "are", "several", "ships", "in", "the", "image"], "raw": "There are several ships in the image.", "imgid": 1156, "sentid": 5781}, {"tokens": ["The", "ship", "is", "far", "from", "land"], "raw": "The ship is far from land.", "imgid": 1156, "sentid": 5782}, {"tokens": ["There", "are", "several", "ships", "near", "the", "land"], "raw": "There are several ships near the land.", "imgid": 1156, "sentid": 5783}, {"tokens": ["There", "are", "several", "ships", "near", "the", "land"], "raw": "There are several ships near the land.", "imgid": 1156, "sentid": 5784}], "split": "train", "sentids": [5780, 5781, 5782, 5783, 5784]}