{"filename": "001142.jpg", "imgid": 1141, "sentences": [{"tokens": ["The", "image", "is", "dotted", "with", "ships"], "raw": "The image is dotted with ships.", "imgid": 1141, "sentid": 5705}, {"tokens": ["These", "ships", "are", "of", "equal", "size"], "raw": "These ships are of equal size.", "imgid": 1141, "sentid": 5706}, {"tokens": ["These", "ships", "are", "scattered", "among", "each", "other"], "raw": "These ships are scattered among each other.", "imgid": 1141, "sentid": 5707}, {"tokens": ["There", "is", "no", "land", "in", "the", "image"], "raw": "There is no land in the image.", "imgid": 1141, "sentid": 5708}, {"tokens": ["There", "are", "only", "ships", "on", "the", "sea"], "raw": "There are only ships on the sea.", "imgid": 1141, "sentid": 5709}], "split": "train", "sentids": [5705, 5706, 5707, 5708, 5709]}