{"filename": "001156.jpg", "imgid": 1155, "sentences": [{"tokens": ["There", "is", "land", "on", "the", "image"], "raw": "There is land on the image.", "imgid": 1155, "sentid": 5775}, {"tokens": ["There", "is", "a", "ship", "on", "the", "sea"], "raw": "There is a ship on the sea.", "imgid": 1155, "sentid": 5776}, {"tokens": ["The", "ship", "is", "close", "to", "land"], "raw": "The ship is close to land.", "imgid": 1155, "sentid": 5777}, {"tokens": ["The", "ship", "is", "close", "to", "land"], "raw": "The ship is close to land.", "imgid": 1155, "sentid": 5778}, {"tokens": ["The", "ship", "is", "not", "clear", "compared", "with", "the", "target", "building"], "raw": "The ship is not clear compared with the target building.", "imgid": 1155, "sentid": 5779}], "split": "train", "sentids": [5775, 5776, 5777, 5778, 5779]}