{"filename": "001171.jpg", "imgid": 1170, "sentences": [{"tokens": ["There", "is", "a", "lot", "of", "noise", "on", "the", "image"], "raw": "There is a lot of noise on the image.", "imgid": 1170, "sentid": 5850}, {"tokens": ["There", "is", "a", "ship", "near", "the", "port"], "raw": "There is a ship near the port.", "imgid": 1170, "sentid": 5851}, {"tokens": ["There", "is", "land", "on", "the", "image"], "raw": "There is land on the image.", "imgid": 1170, "sentid": 5852}, {"tokens": ["The", "ship", "target", "is", "not", "obvious"], "raw": "The ship target is not obvious.", "imgid": 1170, "sentid": 5853}, {"tokens": ["Ship", "targets", "are", "more", "obvious", "than", "land", "targets"], "raw": "Ship targets are more obvious than land targets.", "imgid": 1170, "sentid": 5854}], "split": "train", "sentids": [5850, 5851, 5852, 5853, 5854]}