{"filename": "001154.jpg", "imgid": 1153, "sentences": [{"tokens": ["There", "is", "a", "port", "on", "the", "image"], "raw": "There is a port on the image.", "imgid": 1153, "sentid": 5765}, {"tokens": ["There", "is", "a", "ship", "parked", "in", "the", "harbor"], "raw": "There is a ship parked in the harbor.", "imgid": 1153, "sentid": 5766}, {"tokens": ["The", "outline", "of", "the", "ship", "target", "is", "unclear"], "raw": "The outline of the ship target is unclear.", "imgid": 1153, "sentid": 5767}, {"tokens": ["There's", "only", "one", "ship", "in", "the", "image"], "raw": "There's only one ship in the image.", "imgid": 1153, "sentid": 5768}, {"tokens": ["The", "ship", "clings", "to", "the", "harbor"], "raw": "The ship clings to the harbor.", "imgid": 1153, "sentid": 5769}], "split": "train", "sentids": [5765, 5766, 5767, 5768, 5769]}