{"filename": "001159.jpg", "imgid": 1158, "sentences": [{"tokens": ["There", "is", "a", "port", "on", "the", "image"], "raw": "There is a port on the image.", "imgid": 1158, "sentid": 5790}, {"tokens": ["The", "ship", "approaches", "the", "port"], "raw": "The ship approaches the port.", "imgid": 1158, "sentid": 5791}, {"tokens": ["The", "outline", "of", "the", "ship", "target", "is", "clear"], "raw": "The outline of the ship target is clear.", "imgid": 1158, "sentid": 5792}, {"tokens": ["There", "is", "little", "difference", "in", "the", "size", "of", "the", "ship", "in", "the", "image"], "raw": "There is little difference in the size of the ship in the image.", "imgid": 1158, "sentid": 5793}, {"tokens": ["Ship", "targets", "are", "more", "obvious", "than", "buildings", "on", "land"], "raw": "Ship targets are more obvious than buildings on land.", "imgid": 1158, "sentid": 5794}], "split": "train", "sentids": [5790, 5791, 5792, 5793, 5794]}