{"filename": "001180.jpg", "imgid": 1179, "sentences": [{"tokens": ["There", "are", "many", "ships", "on", "the", "image"], "raw": "There are many ships on the image.", "imgid": 1179, "sentid": 5895}, {"tokens": ["These", "ships", "are", "close", "to", "land"], "raw": "These ships are close to land.", "imgid": 1179, "sentid": 5896}, {"tokens": ["These", "ships", "are", "close", "to", "land"], "raw": "These ships are close to land.", "imgid": 1179, "sentid": 5897}, {"tokens": ["The", "land", "is", "mainly", "mountains"], "raw": "The land is mainly mountains.", "imgid": 1179, "sentid": 5898}, {"tokens": ["Land", "occupies", "the", "vast", "majority", "of", "the", "image"], "raw": "Land occupies the vast majority of the image.", "imgid": 1179, "sentid": 5899}], "split": "train", "sentids": [5895, 5896, 5897, 5898, 5899]}