{"filename": "001124.jpg", "imgid": 1123, "sentences": [{"tokens": ["There", "are", "land", "targets", "on", "the", "sea"], "raw": "There are land targets on the sea.", "imgid": 1123, "sentid": 5615}, {"tokens": ["There", "are", "some", "buildings", "on", "land"], "raw": "There are some buildings on land.", "imgid": 1123, "sentid": 5616}, {"tokens": ["There", "are", "some", "islands", "in", "the", "image"], "raw": "There are some islands in the image.", "imgid": 1123, "sentid": 5617}, {"tokens": ["There", "are", "two", "ships", "on", "the", "sea"], "raw": "There are two ships on the sea.", "imgid": 1123, "sentid": 5618}, {"tokens": ["The", "two", "ships", "are", "far", "apart"], "raw": "The two ships are far apart.", "imgid": 1123, "sentid": 5619}], "split": "train", "sentids": [5615, 5616, 5617, 5618, 5619]}