{"filename": "001186.jpg", "imgid": 1185, "sentences": [{"tokens": ["The", "image", "includes", "a", "small", "piece", "of", "land"], "raw": "The image includes a small piece of land.", "imgid": 1185, "sentid": 5925}, {"tokens": ["Several", "ships", "docked", "at", "the", "shore"], "raw": "Several ships docked at the shore.", "imgid": 1185, "sentid": 5926}, {"tokens": ["The", "ships", "are", "all", "docked", "together"], "raw": "The ships are all docked together.", "imgid": 1185, "sentid": 5927}, {"tokens": ["There", "are", "no", "other", "ships", "on", "the", "sea", "except", "those", "docked", "on", "the", "shore"], "raw": "There are no other ships on the sea except those docked on the shore.", "imgid": 1185, "sentid": 5928}, {"tokens": ["There", "are", "no", "other", "ships", "on", "the", "sea", "except", "those", "docked", "on", "the", "shore"], "raw": "There are no other ships on the sea except those docked on the shore.", "imgid": 1185, "sentid": 5929}], "split": "train", "sentids": [5925, 5926, 5927, 5928, 5929]}