{"filename": "001137.jpg", "imgid": 1136, "sentences": [{"tokens": ["There", "are", "two", "large", "pieces", "of", "land", "in", "the", "image"], "raw": "There are two large pieces of land in the image.", "imgid": 1136, "sentid": 5680}, {"tokens": ["There", "is", "a", "river", "between", "the", "two", "lands"], "raw": "There is a river between the two lands.", "imgid": 1136, "sentid": 5681}, {"tokens": ["There", "are", "many", "buildings", "on", "the", "two", "lands"], "raw": "There are many buildings on the two lands.", "imgid": 1136, "sentid": 5682}, {"tokens": ["Several", "ships", "docked", "on", "both", "sides", "of", "the", "land"], "raw": "Several ships docked on both sides of the land.", "imgid": 1136, "sentid": 5683}, {"tokens": ["The", "ship's", "target", "is", "blurred"], "raw": "The ship's target is blurred.", "imgid": 1136, "sentid": 5684}], "split": "train", "sentids": [5680, 5681, 5682, 5683, 5684]}