{"filename": "001152.jpg", "imgid": 1151, "sentences": [{"tokens": ["There", "are", "many", "ships", "evenly", "distributed", "on", "the", "sea", "surface"], "raw": "There are many ships evenly distributed on the sea surface.", "imgid": 1151, "sentid": 5755}, {"tokens": ["These", "ships", "are", "similar", "in", "size"], "raw": "These ships are similar in size.", "imgid": 1151, "sentid": 5756}, {"tokens": ["The", "ships", "are", "separated", "from", "each", "other"], "raw": "The ships are separated from each other.", "imgid": 1151, "sentid": 5757}, {"tokens": ["The", "background", "of", "the", "image", "is", "the", "sea", "surface"], "raw": "The background of the image is the sea surface.", "imgid": 1151, "sentid": 5758}, {"tokens": ["The", "ships", "are", "evenly", "distributed"], "raw": "The ships are evenly distributed.", "imgid": 1151, "sentid": 5759}], "split": "train", "sentids": [5755, 5756, 5757, 5758, 5759]}