{"filename": "001130.jpg", "imgid": 1129, "sentences": [{"tokens": ["There", "is", "a", "piece", "of", "land", "in", "the", "image"], "raw": "There is a piece of land in the image.", "imgid": 1129, "sentid": 5645}, {"tokens": ["There", "are", "many", "boats", "scattered", "on", "the", "sea"], "raw": "There are many boats scattered on the sea.", "imgid": 1129, "sentid": 5646}, {"tokens": ["There", "is", "a", "port", "on", "the", "image"], "raw": "There is a port on the image.", "imgid": 1129, "sentid": 5647}, {"tokens": ["There", "are", "many", "ships", "near", "the", "port"], "raw": "There are many ships near the port.", "imgid": 1129, "sentid": 5648}, {"tokens": ["There", "are", "many", "buildings", "on", "land"], "raw": "There are many buildings on land.", "imgid": 1129, "sentid": 5649}], "split": "train", "sentids": [5645, 5646, 5647, 5648, 5649]}