{"filename": "001114.jpg", "imgid": 1113, "sentences": [{"tokens": ["The", "image", "is", "dotted", "with", "ships"], "raw": "The image is dotted with ships.", "imgid": 1113, "sentid": 5565}, {"tokens": ["The", "size", "difference", "of", "these", "ships", "is", "not", "obvious"], "raw": "The size difference of these ships is not obvious.", "imgid": 1113, "sentid": 5566}, {"tokens": ["These", "ships", "differ", "little", "in", "size"], "raw": "These ships differ little in size.", "imgid": 1113, "sentid": 5567}, {"tokens": ["These", "ships", "are", "scattered"], "raw": "These ships are scattered.", "imgid": 1113, "sentid": 5568}, {"tokens": ["There", "are", "only", "ships", "on", "the", "sea"], "raw": "There are only ships on the sea.", "imgid": 1113, "sentid": 5569}], "split": "train", "sentids": [5565, 5566, 5567, 5568, 5569]}