{"filename": "001128.jpg", "imgid": 1127, "sentences": [{"tokens": ["There", "are", "ports", "on", "the", "image"], "raw": "There are ports on the image.", "imgid": 1127, "sentid": 5635}, {"tokens": ["There", "are", "many", "ships", "docked", "in", "the", "port"], "raw": "There are many ships docked in the port.", "imgid": 1127, "sentid": 5636}, {"tokens": ["There", "are", "many", "ships", "on", "the", "sea", "far", "from", "land"], "raw": "There are many ships on the sea far from land.", "imgid": 1127, "sentid": 5637}, {"tokens": ["There", "are", "many", "buildings", "near", "the", "port"], "raw": "There are many buildings near the port.", "imgid": 1127, "sentid": 5638}, {"tokens": ["There", "is", "an", "island", "in", "the", "picture"], "raw": "There is an island in the picture.", "imgid": 1127, "sentid": 5639}], "split": "train", "sentids": [5635, 5636, 5637, 5638, 5639]}