{"filename": "001141.jpg", "imgid": 1140, "sentences": [{"tokens": ["The", "image", "is", "dotted", "with", "ships"], "raw": "The image is dotted with ships.", "imgid": 1140, "sentid": 5700}, {"tokens": ["These", "ships", "are", "fuzzy"], "raw": "These ships are fuzzy.", "imgid": 1140, "sentid": 5701}, {"tokens": ["These", "ships", "are", "fuzzy"], "raw": "These ships are fuzzy.", "imgid": 1140, "sentid": 5702}, {"tokens": ["There", "is", "a", "small", "piece", "of", "land", "on", "the", "image"], "raw": "There is a small piece of land on the image.", "imgid": 1140, "sentid": 5703}, {"tokens": ["The", "ships", "are", "far", "from", "land"], "raw": "The ships are far from land.", "imgid": 1140, "sentid": 5704}], "split": "train", "sentids": [5700, 5701, 5702, 5703, 5704]}