{"filename": "001131.jpg", "imgid": 1130, "sentences": [{"tokens": ["There", "is", "a", "piece", "of", "land", "in", "the", "image"], "raw": "There is a piece of land in the image.", "imgid": 1130, "sentid": 5650}, {"tokens": ["There", "are", "many", "boats", "scattered", "on", "the", "sea"], "raw": "There are many boats scattered on the sea.", "imgid": 1130, "sentid": 5651}, {"tokens": ["There", "is", "a", "ship", "docked", "in", "the", "port"], "raw": "There is a ship docked in the port.", "imgid": 1130, "sentid": 5652}, {"tokens": ["The", "ship", "target", "on", "the", "image", "is", "not", "obvious"], "raw": "The ship target on the image is not obvious.", "imgid": 1130, "sentid": 5653}, {"tokens": ["Most", "of", "these", "ships", "are", "far", "from", "land"], "raw": "Most of these ships are far from land.", "imgid": 1130, "sentid": 5654}], "split": "train", "sentids": [5650, 5651, 5652, 5653, 5654]}