{"filename": "001126.jpg", "imgid": 1125, "sentences": [{"tokens": ["There", "is", "land", "on", "the", "image"], "raw": "There is land on the image.", "imgid": 1125, "sentid": 5625}, {"tokens": ["There", "are", "many", "buildings", "on", "land"], "raw": "There are many buildings on land.", "imgid": 1125, "sentid": 5626}, {"tokens": ["There", "are", "many", "ships", "docked", "near", "the", "land"], "raw": "There are many ships docked near the land.", "imgid": 1125, "sentid": 5627}, {"tokens": ["There", "are", "two", "ships", "on", "the", "sea", "far", "from", "land"], "raw": "There are two ships on the sea far from land.", "imgid": 1125, "sentid": 5628}, {"tokens": ["Ship", "targets", "are", "not", "obvious", "compared", "to", "buildings"], "raw": "Ship targets are not obvious compared to buildings.", "imgid": 1125, "sentid": 5629}], "split": "train", "sentids": [5625, 5626, 5627, 5628, 5629]}