{"filename": "001105.jpg", "imgid": 1104, "sentences": [{"tokens": ["Several", "ships", "are", "scattered", "on", "the", "image"], "raw": "Several ships are scattered on the image.", "imgid": 1104, "sentid": 5520}, {"tokens": ["The", "ship", "target", "has", "only", "a", "few", "pixels"], "raw": "The ship target has only a few pixels.", "imgid": 1104, "sentid": 5521}, {"tokens": ["There", "is", "nothing", "on", "the", "image", "except", "the", "ship", "target"], "raw": "There is nothing on the image except the ship target.", "imgid": 1104, "sentid": 5522}, {"tokens": ["Ship", "targets", "are", "concentrated", "on", "one", "side", "of", "the", "image"], "raw": "Ship targets are concentrated on one side of the image.", "imgid": 1104, "sentid": 5523}, {"tokens": ["There", "is", "little", "difference", "in", "image", "size"], "raw": "There is little difference in image size.", "imgid": 1104, "sentid": 5524}], "split": "train", "sentids": [5520, 5521, 5522, 5523, 5524]}