{"filename": "001199.jpg", "imgid": 1198, "sentences": [{"tokens": ["There", "is", "only", "one", "ship", "in", "the", "image"], "raw": "There is only one ship in the image.", "imgid": 1198, "sentid": 5990}, {"tokens": ["The", "ship", "target", "in", "the", "target", "area", "is", "clearly", "imaged"], "raw": "The ship target in the target area is clearly imaged.", "imgid": 1198, "sentid": 5991}, {"tokens": ["The", "ship", "is", "located", "in", "the", "center", "of", "the", "target", "sea", "area"], "raw": "The ship is located in the center of the target sea area.", "imgid": 1198, "sentid": 5992}, {"tokens": ["The", "ship", "target", "has", "a", "rectangular", "shape"], "raw": "The ship target has a rectangular shape.", "imgid": 1198, "sentid": 5993}, {"tokens": ["Ship", "targets", "occupy", "a", "large", "area"], "raw": "Ship targets occupy a large area.", "imgid": 1198, "sentid": 5994}], "split": "train", "sentids": [5990, 5991, 5992, 5993, 5994]}