{"filename": "001139.jpg", "imgid": 1138, "sentences": [{"tokens": ["There", "are", "two", "pieces", "of", "land", "in", "the", "image"], "raw": "There are two pieces of land in the image.", "imgid": 1138, "sentid": 5690}, {"tokens": ["There", "are", "many", "boats", "scattered", "on", "the", "sea"], "raw": "There are many boats scattered on the sea.", "imgid": 1138, "sentid": 5691}, {"tokens": ["These", "ships", "are", "far", "from", "land"], "raw": "These ships are far from land.", "imgid": 1138, "sentid": 5692}, {"tokens": ["These", "ships", "are", "far", "away", "from", "each", "other"], "raw": "These ships are far away from each other.", "imgid": 1138, "sentid": 5693}, {"tokens": ["These", "ships", "differ", "little", "in", "size"], "raw": "These ships differ little in size.", "imgid": 1138, "sentid": 5694}], "split": "train", "sentids": [5690, 5691, 5692, 5693, 5694]}