{"filename": "001189.jpg", "imgid": 1188, "sentences": [{"tokens": ["A", "ship", "docked", "in", "the", "port"], "raw": "A ship docked in the port.", "imgid": 1188, "sentid": 5940}, {"tokens": ["There", "is", "only", "one", "ship", "in", "the", "whole", "picture"], "raw": "There is only one ship in the whole picture.", "imgid": 1188, "sentid": 5941}, {"tokens": ["The", "outline", "of", "the", "ship", "is", "difficult", "to", "recognize"], "raw": "The outline of the ship is difficult to recognize.", "imgid": 1188, "sentid": 5942}, {"tokens": ["Land", "accounts", "for", "the", "vast", "majority"], "raw": "Land accounts for the vast majority.", "imgid": 1188, "sentid": 5943}, {"tokens": ["The", "ship", "in", "the", "image", "is", "difficult", "to", "identify"], "raw": "The ship in the image is difficult to identify.", "imgid": 1188, "sentid": 5944}], "split": "train", "sentids": [5940, 5941, 5942, 5943, 5944]}