{"filename": "001195.jpg", "imgid": 1194, "sentences": [{"tokens": ["The", "image", "is", "blurred"], "raw": "The image is blurred.", "imgid": 1194, "sentid": 5970}, {"tokens": ["The", "ship", "target", "is", "obvious", "in", "the", "image"], "raw": "The ship target is obvious in the image.", "imgid": 1194, "sentid": 5971}, {"tokens": ["The", "outline", "of", "the", "ship", "target", "is", "clear"], "raw": "The outline of the ship target is clear.", "imgid": 1194, "sentid": 5972}, {"tokens": ["The", "ship", "target", "is", "located", "in", "the", "center", "of", "the", "image"], "raw": "The ship target is located in the center of the image.", "imgid": 1194, "sentid": 5973}, {"tokens": ["The", "contrast", "between", "ship", "target", "and", "background", "is", "particularly", "obvious"], "raw": "The contrast between ship target and background is particularly obvious.", "imgid": 1194, "sentid": 5974}], "split": "train", "sentids": [5970, 5971, 5972, 5973, 5974]}