{"filename": "001166.jpg", "imgid": 1165, "sentences": [{"tokens": ["There", "are", "several", "ships", "on", "the", "sea"], "raw": "There are several ships on the sea.", "imgid": 1165, "sentid": 5825}, {"tokens": ["There", "is", "a", "mountain", "in", "the", "image"], "raw": "There is a mountain in the image.", "imgid": 1165, "sentid": 5826}, {"tokens": ["Ships", "and", "targets", "are", "far", "from", "land"], "raw": "Ships and targets are far from land.", "imgid": 1165, "sentid": 5827}, {"tokens": ["The", "ship", "targets", "are", "not", "together"], "raw": "The ship targets are not together.", "imgid": 1165, "sentid": 5828}, {"tokens": ["Mountains", "occupy", "most", "of", "the", "image"], "raw": "Mountains occupy most of the image.", "imgid": 1165, "sentid": 5829}], "split": "train", "sentids": [5825, 5826, 5827, 5828, 5829]}