{"filename": "001184.jpg", "imgid": 1183, "sentences": [{"tokens": ["There", "is", "a", "complete", "ship", "in", "the", "image"], "raw": "There is a complete ship in the image.", "imgid": 1183, "sentid": 5915}, {"tokens": ["Ship", "targets", "occupy", "a", "large", "area"], "raw": "Ship targets occupy a large area.", "imgid": 1183, "sentid": 5916}, {"tokens": ["The", "ship", "target", "is", "obvious", "in", "the", "image"], "raw": "The ship target is obvious in the image.", "imgid": 1183, "sentid": 5917}, {"tokens": ["There", "is", "no", "land", "in", "the", "image"], "raw": "There is no land in the image.", "imgid": 1183, "sentid": 5918}, {"tokens": ["There", "are", "more", "than", "just", "ship", "targets", "in", "the", "image"], "raw": "There are more than just ship targets in the image.", "imgid": 1183, "sentid": 5919}], "split": "train", "sentids": [5915, 5916, 5917, 5918, 5919]}