{"filename": "001172.jpg", "imgid": 1171, "sentences": [{"tokens": ["There", "are", "two", "ships", "in", "the", "image"], "raw": "There are two ships in the image.", "imgid": 1171, "sentid": 5855}, {"tokens": ["The", "two", "ships", "docked", "in", "the", "port"], "raw": "The two ships docked in the port.", "imgid": 1171, "sentid": 5856}, {"tokens": ["The", "two", "ships", "docked", "in", "the", "port"], "raw": "The two ships docked in the port.", "imgid": 1171, "sentid": 5857}, {"tokens": ["The", "image", "contains", "land"], "raw": "The image contains land.", "imgid": 1171, "sentid": 5858}, {"tokens": ["There", "is", "noise", "on", "the", "image"], "raw": "There is noise on the image.", "imgid": 1171, "sentid": 5859}], "split": "train", "sentids": [5855, 5856, 5857, 5858, 5859]}