{"filename": "001133.jpg", "imgid": 1132, "sentences": [{"tokens": ["There", "is", "a", "large", "piece", "of", "land", "in", "the", "image"], "raw": "There is a large piece of land in the image.", "imgid": 1132, "sentid": 5660}, {"tokens": ["There", "are", "many", "buildings", "near", "the", "coastline"], "raw": "There are many buildings near the coastline.", "imgid": 1132, "sentid": 5661}, {"tokens": ["There", "are", "many", "ships", "near", "the", "coastline"], "raw": "There are many ships near the coastline.", "imgid": 1132, "sentid": 5662}, {"tokens": ["There", "are", "many", "ships", "on", "the", "sea"], "raw": "There are many ships on the sea.", "imgid": 1132, "sentid": 5663}, {"tokens": ["Buildings", "are", "more", "obvious", "than", "ships"], "raw": "Buildings are more obvious than ships.", "imgid": 1132, "sentid": 5664}], "split": "train", "sentids": [5660, 5661, 5662, 5663, 5664]}