{"filename": "001167.jpg", "imgid": 1166, "sentences": [{"tokens": ["There", "are", "three", "ships", "on", "the", "sea"], "raw": "There are three ships on the sea.", "imgid": 1166, "sentid": 5830}, {"tokens": ["The", "three", "ships", "differ", "in", "size"], "raw": "The three ships differ in size.", "imgid": 1166, "sentid": 5831}, {"tokens": ["There", "are", "several", "images", "of", "land"], "raw": "There are several images of land.", "imgid": 1166, "sentid": 5832}, {"tokens": ["The", "three", "ships", "are", "far", "from", "the", "island"], "raw": "The three ships are far from the island.", "imgid": 1166, "sentid": 5833}, {"tokens": ["The", "ship", "target", "is", "obvious"], "raw": "The ship target is obvious.", "imgid": 1166, "sentid": 5834}], "split": "train", "sentids": [5830, 5831, 5832, 5833, 5834]}