{"filename": "001108.jpg", "imgid": 1107, "sentences": [{"tokens": ["There", "is", "a", "piece", "of", "water", "between", "the", "two", "lands"], "raw": "There is a piece of water between the two lands.", "imgid": 1107, "sentid": 5535}, {"tokens": ["There", "are", "many", "buildings", "on", "land"], "raw": "There are many buildings on land.", "imgid": 1107, "sentid": 5536}, {"tokens": ["There", "are", "several", "bridges", "between", "the", "two", "lands"], "raw": "There are several bridges between the two lands.", "imgid": 1107, "sentid": 5537}, {"tokens": ["The", "ship", "target", "in", "the", "figure", "is", "not", "obvious"], "raw": "The ship target in the figure is not obvious.", "imgid": 1107, "sentid": 5538}, {"tokens": ["There", "are", "no", "obvious", "ship", "targets", "on", "the", "sea"], "raw": "There are no obvious ship targets on the sea.", "imgid": 1107, "sentid": 5539}], "split": "train", "sentids": [5535, 5536, 5537, 5538, 5539]}