{"filename": "001194.jpg", "imgid": 1193, "sentences": [{"tokens": ["There", "is", "a", "ship", "in", "the", "image"], "raw": "There is a ship in the image.", "imgid": 1193, "sentid": 5965}, {"tokens": ["The", "ship", "is", "close", "to", "the", "port"], "raw": "The ship is close to the port.", "imgid": 1193, "sentid": 5966}, {"tokens": ["The", "ship", "target", "is", "very", "unclear"], "raw": "The ship target is very unclear.", "imgid": 1193, "sentid": 5967}, {"tokens": ["There", "is", "land", "on", "the", "image"], "raw": "There is land on the image.", "imgid": 1193, "sentid": 5968}, {"tokens": ["The", "image", "is", "blurred"], "raw": "The image is blurred.", "imgid": 1193, "sentid": 5969}], "split": "train", "sentids": [5965, 5966, 5967, 5968, 5969]}