{"filename": "001175.jpg", "imgid": 1174, "sentences": [{"tokens": ["There", "are", "two", "ships", "in", "the", "picture"], "raw": "There are two ships in the picture.", "imgid": 1174, "sentid": 5870}, {"tokens": ["The", "ship", "target", "is", "obvious"], "raw": "The ship target is obvious.", "imgid": 1174, "sentid": 5871}, {"tokens": ["The", "two", "ships", "leaned", "against", "each", "other"], "raw": "The two ships leaned against each other.", "imgid": 1174, "sentid": 5872}, {"tokens": ["There", "is", "a", "small", "piece", "of", "land", "on", "the", "image"], "raw": "There is a small piece of land on the image.", "imgid": 1174, "sentid": 5873}, {"tokens": ["The", "outline", "of", "the", "ship", "is", "clear"], "raw": "The outline of the ship is clear.", "imgid": 1174, "sentid": 5874}], "split": "train", "sentids": [5870, 5871, 5872, 5873, 5874]}