{"filename": "001144.jpg", "imgid": 1143, "sentences": [{"tokens": ["There", "are", "many", "boats", "scattered", "on", "the", "sea"], "raw": "There are many boats scattered on the sea.", "imgid": 1143, "sentid": 5715}, {"tokens": ["Ships", "are", "evenly", "distributed", "on", "the", "image"], "raw": "Ships are evenly distributed on the image.", "imgid": 1143, "sentid": 5716}, {"tokens": ["These", "ships", "are", "all", "about", "the", "same", "size"], "raw": "These ships are all about the same size.", "imgid": 1143, "sentid": 5717}, {"tokens": ["These", "ships", "have", "a", "clear", "outline"], "raw": "These ships have a clear outline.", "imgid": 1143, "sentid": 5718}, {"tokens": ["The", "image", "background", "is", "clear"], "raw": "The image background is clear.", "imgid": 1143, "sentid": 5719}], "split": "train", "sentids": [5715, 5716, 5717, 5718, 5719]}