{"filename": "001127.jpg", "imgid": 1126, "sentences": [{"tokens": ["There", "are", "many", "ships", "in", "the", "image", "area"], "raw": "There are many ships in the image area.", "imgid": 1126, "sentid": 5630}, {"tokens": ["The", "outline", "of", "the", "ship", "target", "is", "clear"], "raw": "The outline of the ship target is clear.", "imgid": 1126, "sentid": 5631}, {"tokens": ["Ships", "are", "scattered", "over", "the", "sea"], "raw": "Ships are scattered over the sea.", "imgid": 1126, "sentid": 5632}, {"tokens": ["The", "ship", "targets", "are", "obvious"], "raw": "The ship targets are obvious.", "imgid": 1126, "sentid": 5633}, {"tokens": ["The", "ship", "targets", "are", "scattered", "from", "each", "other"], "raw": "The ship targets are scattered from each other.", "imgid": 1126, "sentid": 5634}], "split": "train", "sentids": [5630, 5631, 5632, 5633, 5634]}