{"filename": "001129.jpg", "imgid": 1128, "sentences": [{"tokens": ["There", "is", "a", "ship", "in", "the", "image"], "raw": "There is a ship in the image.", "imgid": 1128, "sentid": 5640}, {"tokens": ["The", "ship", "has", "a", "clear", "outline"], "raw": "The ship has a clear outline.", "imgid": 1128, "sentid": 5641}, {"tokens": ["The", "image", "background", "is", "clear"], "raw": "The image background is clear.", "imgid": 1128, "sentid": 5642}, {"tokens": ["The", "outline", "of", "the", "ship", "is", "rectangular"], "raw": "The outline of the ship is rectangular.", "imgid": 1128, "sentid": 5643}, {"tokens": ["There", "is", "only", "one", "ship", "on", "the", "sea"], "raw": "There is only one ship on the sea.", "imgid": 1128, "sentid": 5644}], "split": "train", "sentids": [5640, 5641, 5642, 5643, 5644]}