{"filename": "001132.jpg", "imgid": 1131, "sentences": [{"tokens": ["There", "is", "a", "ship", "on", "the", "sea"], "raw": "There is a ship on the sea.", "imgid": 1131, "sentid": 5655}, {"tokens": ["The", "ship", "is", "far", "from", "land"], "raw": "The ship is far from land.", "imgid": 1131, "sentid": 5656}, {"tokens": ["There", "are", "not", "many", "buildings", "on", "land"], "raw": "There are not many buildings on land.", "imgid": 1131, "sentid": 5657}, {"tokens": ["The", "ship", "target", "is", "only", "a", "few", "pixels", "in", "size"], "raw": "The ship target is only a few pixels in size.", "imgid": 1131, "sentid": 5658}, {"tokens": ["The", "ship", "target", "is", "not", "obvious"], "raw": "The ship target is not obvious.", "imgid": 1131, "sentid": 5659}], "split": "train", "sentids": [5655, 5656, 5657, 5658, 5659]}