{"filename": "001109.jpg", "imgid": 1108, "sentences": [{"tokens": ["There", "is", "a", "distinct", "piece", "of", "land", "on", "the", "image"], "raw": "There is a distinct piece of land on the image.", "imgid": 1108, "sentid": 5540}, {"tokens": ["Several", "ships", "are", "scattered", "at", "the", "edge", "of", "the", "image"], "raw": "Several ships are scattered at the edge of the image.", "imgid": 1108, "sentid": 5541}, {"tokens": ["The", "ship", "targets", "are", "very", "obvious"], "raw": "The ship targets are very obvious.", "imgid": 1108, "sentid": 5542}, {"tokens": ["The", "ship", "targets", "are", "very", "obvious"], "raw": "The ship targets are very obvious.", "imgid": 1108, "sentid": 5543}, {"tokens": ["The", "ship", "target", "is", "close", "to", "land"], "raw": "The ship target is close to land.", "imgid": 1108, "sentid": 5544}], "split": "train", "sentids": [5540, 5541, 5542, 5543, 5544]}