{"filename": "001179.jpg", "imgid": 1178, "sentences": [{"tokens": ["There", "are", "two", "ships", "docked", "in", "the", "port"], "raw": "There are two ships docked in the port.", "imgid": 1178, "sentid": 5890}, {"tokens": ["The", "two", "ships", "stopped", "together"], "raw": "The two ships stopped together.", "imgid": 1178, "sentid": 5891}, {"tokens": ["There", "is", "a", "port", "in", "the", "picture"], "raw": "There is a port in the picture.", "imgid": 1178, "sentid": 5892}, {"tokens": ["There", "is", "a", "piece", "of", "land", "in", "the", "picture"], "raw": "There is a piece of land in the picture.", "imgid": 1178, "sentid": 5893}, {"tokens": ["The", "target", "of", "the", "two", "ships", "is", "not", "obvious"], "raw": "The target of the two ships is not obvious.", "imgid": 1178, "sentid": 5894}], "split": "train", "sentids": [5890, 5891, 5892, 5893, 5894]}