{"filename": "001136.jpg", "imgid": 1135, "sentences": [{"tokens": ["There", "are", "many", "ships", "on", "the", "sea"], "raw": "There are many ships on the sea.", "imgid": 1135, "sentid": 5675}, {"tokens": ["These", "ships", "are", "concentrated", "in", "the", "center", "of", "the", "image"], "raw": "These ships are concentrated in the center of the image.", "imgid": 1135, "sentid": 5676}, {"tokens": ["The", "target", "contour", "of", "these", "ships", "is", "not", "clear"], "raw": "The target contour of these ships is not clear.", "imgid": 1135, "sentid": 5677}, {"tokens": ["These", "ship", "targets", "are", "dispersed", "from", "each", "other"], "raw": "These ship targets are dispersed from each other.", "imgid": 1135, "sentid": 5678}, {"tokens": ["There", "is", "little", "difference", "in", "the", "size", "of", "these", "ships"], "raw": "There is little difference in the size of these ships.", "imgid": 1135, "sentid": 5679}], "split": "train", "sentids": [5675, 5676, 5677, 5678, 5679]}