{"filename": "001188.jpg", "imgid": 1187, "sentences": [{"tokens": ["There", "is", "a", "piece", "of", "land", "in", "the", "image"], "raw": "There is a piece of land in the image.", "imgid": 1187, "sentid": 5935}, {"tokens": ["Land", "occupies", "much", "of", "the", "image"], "raw": "Land occupies much of the image.", "imgid": 1187, "sentid": 5936}, {"tokens": ["A", "ship", "docked", "at", "the", "shore"], "raw": "A ship docked at the shore.", "imgid": 1187, "sentid": 5937}, {"tokens": ["Ships", "are", "difficult", "to", "identify"], "raw": "Ships are difficult to identify.", "imgid": 1187, "sentid": 5938}, {"tokens": ["The", "image", "has", "a", "lot", "of", "noise"], "raw": "The image has a lot of noise.", "imgid": 1187, "sentid": 5939}], "split": "train", "sentids": [5935, 5936, 5937, 5938, 5939]}