{"filename": "001112.jpg", "imgid": 1111, "sentences": [{"tokens": ["The", "image", "is", "dotted", "with", "several", "ships"], "raw": "The image is dotted with several ships.", "imgid": 1111, "sentid": 5555}, {"tokens": ["The", "targets", "of", "these", "ships", "are", "obviously", "different"], "raw": "The targets of these ships are obviously different.", "imgid": 1111, "sentid": 5556}, {"tokens": ["These", "ships", "are", "scattered"], "raw": "These ships are scattered.", "imgid": 1111, "sentid": 5557}, {"tokens": ["There", "are", "only", "these", "ships", "on", "the", "sea"], "raw": "There are only these ships on the sea.", "imgid": 1111, "sentid": 5558}, {"tokens": ["These", "ships", "vary", "significantly", "in", "size"], "raw": "These ships vary significantly in size.", "imgid": 1111, "sentid": 5559}], "split": "train", "sentids": [5555, 5556, 5557, 5558, 5559]}