{"filename": "001102.jpg", "imgid": 1101, "sentences": [{"tokens": ["The", "ship", "target", "in", "the", "picture", "is", "obvious"], "raw": "The ship target in the picture is obvious.", "imgid": 1101, "sentid": 5505}, {"tokens": ["The", "outline", "of", "the", "ship", "is", "clear"], "raw": "The outline of the ship is clear.", "imgid": 1101, "sentid": 5506}, {"tokens": ["The", "reflection", "of", "the", "ship", "is", "obvious"], "raw": "The reflection of the ship is obvious.", "imgid": 1101, "sentid": 5507}, {"tokens": ["This", "is", "the", "only", "ship", "in", "the", "image"], "raw": "This is the only ship in the image.", "imgid": 1101, "sentid": 5508}, {"tokens": ["The", "ship", "is", "at", "the", "edge", "of", "the", "image"], "raw": "The ship is at the edge of the image.", "imgid": 1101, "sentid": 5509}], "split": "train", "sentids": [5505, 5506, 5507, 5508, 5509]}