{"filename": "001151.jpg", "imgid": 1150, "sentences": [{"tokens": ["There", "are", "many", "boats", "scattered", "on", "the", "sea"], "raw": "There are many boats scattered on the sea.", "imgid": 1150, "sentid": 5750}, {"tokens": ["These", "ships", "vary", "significantly", "in", "size"], "raw": "These ships vary significantly in size.", "imgid": 1150, "sentid": 5751}, {"tokens": ["These", "ships", "are", "concentrated", "on", "one", "side", "of", "the", "image"], "raw": "These ships are concentrated on one side of the image.", "imgid": 1150, "sentid": 5752}, {"tokens": ["The", "ships", "on", "the", "image", "are", "unevenly", "distributed"], "raw": "The ships on the image are unevenly distributed.", "imgid": 1150, "sentid": 5753}, {"tokens": ["The", "outline", "of", "the", "ship", "target", "is", "not", "clear"], "raw": "The outline of the ship target is not clear.", "imgid": 1150, "sentid": 5754}], "split": "train", "sentids": [5750, 5751, 5752, 5753, 5754]}