{"filename": "001111.jpg", "imgid": 1110, "sentences": [{"tokens": ["There", "is", "a", "ship", "in", "the", "image"], "raw": "There is a ship in the image.", "imgid": 1110, "sentid": 5550}, {"tokens": ["The", "ship", "is", "obvious", "in", "the", "image"], "raw": "The ship is obvious in the image.", "imgid": 1110, "sentid": 5551}, {"tokens": ["The", "reflection", "of", "the", "ship", "is", "obvious"], "raw": "The reflection of the ship is obvious.", "imgid": 1110, "sentid": 5552}, {"tokens": ["There", "is", "no", "other", "target", "in", "the", "image", "except", "the", "ship"], "raw": "There is no other target in the image except the ship.", "imgid": 1110, "sentid": 5553}, {"tokens": ["The", "outline", "of", "the", "ship", "is", "clear"], "raw": "The outline of the ship is clear.", "imgid": 1110, "sentid": 5554}], "split": "train", "sentids": [5550, 5551, 5552, 5553, 5554]}