{"filename": "001104.jpg", "imgid": 1103, "sentences": [{"tokens": ["There", "is", "a", "port", "in", "the", "picture"], "raw": "There is a port in the picture.", "imgid": 1103, "sentid": 5515}, {"tokens": ["There", "are", "several", "ships", "docked", "in", "the", "port"], "raw": "There are several ships docked in the port.", "imgid": 1103, "sentid": 5516}, {"tokens": ["The", "ship", "target", "is", "obvious"], "raw": "The ship target is obvious.", "imgid": 1103, "sentid": 5517}, {"tokens": ["There", "are", "several", "separate", "pieces", "of", "land", "in", "the", "image"], "raw": "There are several separate pieces of land in the image.", "imgid": 1103, "sentid": 5518}, {"tokens": ["The", "reflection", "of", "ship", "target", "is", "strong"], "raw": "The reflection of ship target is strong.", "imgid": 1103, "sentid": 5519}], "split": "train", "sentids": [5515, 5516, 5517, 5518, 5519]}