{"filename": "001149.jpg", "imgid": 1148, "sentences": [{"tokens": ["There", "are", "many", "ships", "in", "the", "image"], "raw": "There are many ships in the image.", "imgid": 1148, "sentid": 5740}, {"tokens": ["These", "ships", "are", "far", "away", "from", "each", "other"], "raw": "These ships are far away from each other.", "imgid": 1148, "sentid": 5741}, {"tokens": ["These", "ships", "have", "a", "clear", "outline"], "raw": "These ships have a clear outline.", "imgid": 1148, "sentid": 5742}, {"tokens": ["The", "contrast", "between", "the", "background", "and", "the", "ship", "is", "obvious"], "raw": "The contrast between the background and the ship is obvious.", "imgid": 1148, "sentid": 5743}, {"tokens": ["There", "are", "only", "ships", "on", "the", "sea"], "raw": "There are only ships on the sea.", "imgid": 1148, "sentid": 5744}], "split": "train", "sentids": [5740, 5741, 5742, 5743, 5744]}