{"filename": "001138.jpg", "imgid": 1137, "sentences": [{"tokens": ["There", "is", "a", "piece", "of", "land", "in", "the", "image"], "raw": "There is a piece of land in the image.", "imgid": 1137, "sentid": 5685}, {"tokens": ["There", "are", "many", "ships", "on", "the", "sea"], "raw": "There are many ships on the sea.", "imgid": 1137, "sentid": 5686}, {"tokens": ["The", "ships", "gathered", "together"], "raw": "The ships gathered together.", "imgid": 1137, "sentid": 5687}, {"tokens": ["There", "are", "some", "ports", "on", "the", "image"], "raw": "There are some ports on the image.", "imgid": 1137, "sentid": 5688}, {"tokens": ["Several", "ships", "docked", "in", "the", "port"], "raw": "Several ships docked in the port.", "imgid": 1137, "sentid": 5689}], "split": "train", "sentids": [5685, 5686, 5687, 5688, 5689]}