{"filename": "001150.jpg", "imgid": 1149, "sentences": [{"tokens": ["There", "are", "many", "ships", "on", "the", "sea"], "raw": "There are many ships on the sea.", "imgid": 1149, "sentid": 5745}, {"tokens": ["These", "ships", "are", "similar", "in", "size"], "raw": "These ships are similar in size.", "imgid": 1149, "sentid": 5746}, {"tokens": ["These", "ships", "are", "far", "from", "each", "other"], "raw": "These ships are far from each other.", "imgid": 1149, "sentid": 5747}, {"tokens": ["These", "ships", "have", "a", "clear", "outline"], "raw": "These ships have a clear outline.", "imgid": 1149, "sentid": 5748}, {"tokens": ["The", "background", "of", "the", "image", "is", "the", "ocean"], "raw": "The background of the image is the ocean.", "imgid": 1149, "sentid": 5749}], "split": "train", "sentids": [5745, 5746, 5747, 5748, 5749]}