{"filename": "001197.jpg", "imgid": 1196, "sentences": [{"tokens": ["There", "was", "only", "one", "ship", "moored", "on", "the", "sea"], "raw": "There was only one ship moored on the sea.", "imgid": 1196, "sentid": 5980}, {"tokens": ["There", "was", "only", "one", "ship", "moored", "on", "the", "sea"], "raw": "There was only one ship moored on the sea.", "imgid": 1196, "sentid": 5981}, {"tokens": ["The", "ship", "target", "is", "located", "at", "the", "edge", "of", "the", "image"], "raw": "The ship target is located at the edge of the image.", "imgid": 1196, "sentid": 5982}, {"tokens": ["The", "ship", "is", "the", "brightest", "target", "in", "the", "image"], "raw": "The ship is the brightest target in the image.", "imgid": 1196, "sentid": 5983}, {"tokens": ["There", "is", "a", "lot", "of", "noise", "in", "the", "image", "background"], "raw": "There is a lot of noise in the image background.", "imgid": 1196, "sentid": 5984}], "split": "train", "sentids": [5980, 5981, 5982, 5983, 5984]}