{"filename": "001122.jpg", "imgid": 1121, "sentences": [{"tokens": ["There", "are", "many", "ships", "on", "the", "sea"], "raw": "There are many ships on the sea.", "imgid": 1121, "sentid": 5605}, {"tokens": ["The", "ships", "are", "evenly", "distributed", "in", "these", "waters"], "raw": "The ships are evenly distributed in these waters.", "imgid": 1121, "sentid": 5606}, {"tokens": ["These", "ships", "are", "not", "much", "different", "in", "size"], "raw": "These ships are not much different in size.", "imgid": 1121, "sentid": 5607}, {"tokens": ["These", "ships", "occupy", "a", "small", "area"], "raw": "These ships occupy a small area.", "imgid": 1121, "sentid": 5608}, {"tokens": ["These", "ships", "are", "scattered"], "raw": "These ships are scattered.", "imgid": 1121, "sentid": 5609}], "split": "train", "sentids": [5605, 5606, 5607, 5608, 5609]}