{"filename": "001160.jpg", "imgid": 1159, "sentences": [{"tokens": ["There", "are", "several", "separate", "pieces", "of", "land", "on", "the", "image"], "raw": "There are several separate pieces of land on the image.", "imgid": 1159, "sentid": 5795}, {"tokens": ["There", "are", "two", "ships", "close", "to", "the", "land"], "raw": "There are two ships close to the land.", "imgid": 1159, "sentid": 5796}, {"tokens": ["The", "ship", "target", "is", "very", "obvious"], "raw": "The ship target is very obvious.", "imgid": 1159, "sentid": 5797}, {"tokens": ["There", "are", "several", "islands", "in", "the", "image"], "raw": "There are several islands in the image.", "imgid": 1159, "sentid": 5798}, {"tokens": ["The", "ships", "are", "close", "to", "the", "land"], "raw": "The ships are close to the land.", "imgid": 1159, "sentid": 5799}], "split": "train", "sentids": [5795, 5796, 5797, 5798, 5799]}