{"filename": "001192.jpg", "imgid": 1191, "sentences": [{"tokens": ["There", "is", "a", "ship", "in", "the", "image"], "raw": "There is a ship in the image.", "imgid": 1191, "sentid": 5955}, {"tokens": ["The", "ship", "is", "at", "the", "edge", "of", "the", "image"], "raw": "The ship is at the edge of the image.", "imgid": 1191, "sentid": 5956}, {"tokens": ["The", "ship", "is", "at", "the", "edge", "of", "the", "image"], "raw": "The ship is at the edge of the image.", "imgid": 1191, "sentid": 5957}, {"tokens": ["This", "is", "the", "only", "ship", "in", "the", "whole", "image"], "raw": "This is the only ship in the whole image.", "imgid": 1191, "sentid": 5958}, {"tokens": ["The", "image", "has", "a", "lot", "of", "noise"], "raw": "The image has a lot of noise.", "imgid": 1191, "sentid": 5959}], "split": "train", "sentids": [5955, 5956, 5957, 5958, 5959]}