{"filename": "001196.jpg", "imgid": 1195, "sentences": [{"tokens": ["There", "is", "a", "ship", "target", "in", "the", "image"], "raw": "There is a ship target in the image.", "imgid": 1195, "sentid": 5975}, {"tokens": ["The", "outline", "of", "the", "ship", "is", "obvious", "in", "the", "image"], "raw": "The outline of the ship is obvious in the image.", "imgid": 1195, "sentid": 5976}, {"tokens": ["There", "is", "a", "lot", "of", "noise", "in", "the", "image", "background"], "raw": "There is a lot of noise in the image background.", "imgid": 1195, "sentid": 5977}, {"tokens": ["The", "ship", "target", "in", "the", "image", "is", "in", "strong", "contrast", "with", "the", "ocean", "background"], "raw": "The ship target in the image is in strong contrast with the ocean background.", "imgid": 1195, "sentid": 5978}, {"tokens": ["There", "is", "only", "one", "ship", "on", "the", "sea"], "raw": "There is only one ship on the sea.", "imgid": 1195, "sentid": 5979}], "split": "train", "sentids": [5975, 5976, 5977, 5978, 5979]}