{"filename": "001178.jpg", "imgid": 1177, "sentences": [{"tokens": ["There", "is", "a", "ship", "docked", "in", "the", "port"], "raw": "There is a ship docked in the port.", "imgid": 1177, "sentid": 5885}, {"tokens": ["The", "ship", "target", "is", "not", "obvious"], "raw": "The ship target is not obvious.", "imgid": 1177, "sentid": 5886}, {"tokens": ["There", "is", "a", "small", "piece", "of", "land", "in", "the", "image"], "raw": "There is a small piece of land in the image.", "imgid": 1177, "sentid": 5887}, {"tokens": ["There", "is", "only", "one", "ship", "on", "the", "sea"], "raw": "There is only one ship on the sea.", "imgid": 1177, "sentid": 5888}, {"tokens": ["The", "ship", "is", "close", "to", "the", "land"], "raw": "The ship is close to the land.", "imgid": 1177, "sentid": 5889}], "split": "train", "sentids": [5885, 5886, 5887, 5888, 5889]}