{"filename": "001135.jpg", "imgid": 1134, "sentences": [{"tokens": ["There", "are", "two", "large", "pieces", "of", "land", "in", "the", "image"], "raw": "There are two large pieces of land in the image.", "imgid": 1134, "sentid": 5670}, {"tokens": ["There", "are", "many", "buildings", "on", "one", "of", "the", "lands"], "raw": "There are many buildings on one of the lands.", "imgid": 1134, "sentid": 5671}, {"tokens": ["There", "are", "several", "ships", "on", "the", "sea"], "raw": "There are several ships on the sea.", "imgid": 1134, "sentid": 5672}, {"tokens": ["The", "ship's", "target", "is", "far", "away", "from", "these", "two", "lands"], "raw": "The ship's target is far away from these two lands.", "imgid": 1134, "sentid": 5673}, {"tokens": ["There", "are", "ships", "on", "the", "sea", "between", "the", "two", "lands"], "raw": "There are ships on the sea between the two lands.", "imgid": 1134, "sentid": 5674}], "split": "train", "sentids": [5670, 5671, 5672, 5673, 5674]}