{"filename": "001115.jpg", "imgid": 1114, "sentences": [{"tokens": ["There", "is", "a", "port", "on", "the", "sea"], "raw": "There is a port on the sea.", "imgid": 1114, "sentid": 5570}, {"tokens": ["There", "are", "many", "buildings", "on", "land"], "raw": "There are many buildings on land.", "imgid": 1114, "sentid": 5571}, {"tokens": ["Several", "ships", "were", "scattered", "on", "the", "sea"], "raw": "Several ships were scattered on the sea.", "imgid": 1114, "sentid": 5572}, {"tokens": ["These", "ships", "are", "far", "from", "the", "port"], "raw": "These ships are far from the port.", "imgid": 1114, "sentid": 5573}, {"tokens": ["Land", "is", "more", "obvious", "than", "ships"], "raw": "Land is more obvious than ships.", "imgid": 1114, "sentid": 5574}], "split": "train", "sentids": [5570, 5571, 5572, 5573, 5574]}