{"filename": "001147.jpg", "imgid": 1146, "sentences": [{"tokens": ["Several", "ships", "were", "scattered", "on", "the", "sea"], "raw": "Several ships were scattered on the sea.", "imgid": 1146, "sentid": 5730}, {"tokens": ["Several", "ships", "are", "at", "the", "edge", "of", "the", "image"], "raw": "Several ships are at the edge of the image.", "imgid": 1146, "sentid": 5731}, {"tokens": ["These", "ships", "are", "similar", "in", "size"], "raw": "These ships are similar in size.", "imgid": 1146, "sentid": 5732}, {"tokens": ["The", "ships", "are", "scattered"], "raw": "The ships are scattered.", "imgid": 1146, "sentid": 5733}, {"tokens": ["The", "image", "background", "is", "clear"], "raw": "The image background is clear.", "imgid": 1146, "sentid": 5734}], "split": "train", "sentids": [5730, 5731, 5732, 5733, 5734]}