{"filename": "001134.jpg", "imgid": 1133, "sentences": [{"tokens": ["There", "is", "a", "large", "piece", "of", "land", "in", "the", "image"], "raw": "There is a large piece of land in the image.", "imgid": 1133, "sentid": 5665}, {"tokens": ["There", "are", "ports", "on", "the", "image"], "raw": "There are ports on the image.", "imgid": 1133, "sentid": 5666}, {"tokens": ["There", "are", "many", "ships", "in", "the", "port"], "raw": "There are many ships in the port.", "imgid": 1133, "sentid": 5667}, {"tokens": ["There", "are", "many", "ships", "on", "the", "sea"], "raw": "There are many ships on the sea.", "imgid": 1133, "sentid": 5668}, {"tokens": ["The", "outline", "of", "these", "ships", "is", "not", "clear", "enough"], "raw": "The outline of these ships is not clear enough.", "imgid": 1133, "sentid": 5669}], "split": "train", "sentids": [5665, 5666, 5667, 5668, 5669]}