{"filename": "001162.jpg", "imgid": 1161, "sentences": [{"tokens": ["There", "are", "two", "ships", "in", "the", "image"], "raw": "There are two ships in the image.", "imgid": 1161, "sentid": 5805}, {"tokens": ["The", "two", "ships", "are", "far", "apart"], "raw": "The two ships are far apart.", "imgid": 1161, "sentid": 5806}, {"tokens": ["There", "are", "several", "images", "of", "land"], "raw": "There are several images of land.", "imgid": 1161, "sentid": 5807}, {"tokens": ["Land", "is", "separated", "from", "each", "other"], "raw": "Land is separated from each other.", "imgid": 1161, "sentid": 5808}, {"tokens": ["Ships", "and", "targets", "are", "far", "from", "land"], "raw": "Ships and targets are far from land.", "imgid": 1161, "sentid": 5809}], "split": "train", "sentids": [5805, 5806, 5807, 5808, 5809]}