{"filename": "001145.jpg", "imgid": 1144, "sentences": [{"tokens": ["There", "are", "many", "ships", "on", "the", "image"], "raw": "There are many ships on the image.", "imgid": 1144, "sentid": 5720}, {"tokens": ["These", "ships", "are", "distributed", "on", "one", "side", "of", "the", "sea"], "raw": "These ships are distributed on one side of the sea.", "imgid": 1144, "sentid": 5721}, {"tokens": ["These", "ships", "have", "a", "clear", "outline"], "raw": "These ships have a clear outline.", "imgid": 1144, "sentid": 5722}, {"tokens": ["There", "are", "three", "ships", "of", "the", "same", "size"], "raw": "There are three ships of the same size.", "imgid": 1144, "sentid": 5723}, {"tokens": ["One", "ship", "is", "smaller", "than", "the", "others"], "raw": "One ship is smaller than the others.", "imgid": 1144, "sentid": 5724}], "split": "train", "sentids": [5720, 5721, 5722, 5723, 5724]}