{"filename": "001146.jpg", "imgid": 1145, "sentences": [{"tokens": ["There", "is", "land", "on", "the", "image"], "raw": "There is land on the image.", "imgid": 1145, "sentid": 5725}, {"tokens": ["There", "are", "several", "ships", "on", "the", "sea"], "raw": "There are several ships on the sea.", "imgid": 1145, "sentid": 5726}, {"tokens": ["The", "ship", "target", "is", "not", "obvious"], "raw": "The ship target is not obvious.", "imgid": 1145, "sentid": 5727}, {"tokens": ["Most", "ship", "targets", "are", "far", "away", "from", "land"], "raw": "Most ship targets are far away from land.", "imgid": 1145, "sentid": 5728}, {"tokens": ["Only", "one", "ship", "is", "near", "the", "land"], "raw": "Only one ship is near the land.", "imgid": 1145, "sentid": 5729}], "split": "train", "sentids": [5725, 5726, 5727, 5728, 5729]}