{"filename": "001158.jpg", "imgid": 1157, "sentences": [{"tokens": ["There", "are", "ports", "on", "the", "image"], "raw": "There are ports on the image.", "imgid": 1157, "sentid": 5785}, {"tokens": ["There", "are", "many", "ships", "docked", "in", "the", "port"], "raw": "There are many ships docked in the port.", "imgid": 1157, "sentid": 5786}, {"tokens": ["There", "is", "a", "ship", "far", "from", "the", "port"], "raw": "There is a ship far from the port.", "imgid": 1157, "sentid": 5787}, {"tokens": ["There", "are", "no", "buildings", "on", "land"], "raw": "There are no buildings on land.", "imgid": 1157, "sentid": 5788}, {"tokens": ["The", "outline", "of", "the", "ship", "is", "clear"], "raw": "The outline of the ship is clear.", "imgid": 1157, "sentid": 5789}], "split": "train", "sentids": [5785, 5786, 5787, 5788, 5789]}