{"filename": "001148.jpg", "imgid": 1147, "sentences": [{"tokens": ["There", "are", "many", "ships", "scattered", "on", "the", "sea"], "raw": "There are many ships scattered on the sea.", "imgid": 1147, "sentid": 5735}, {"tokens": ["The", "size", "difference", "of", "these", "ships", "is", "not", "obvious"], "raw": "The size difference of these ships is not obvious.", "imgid": 1147, "sentid": 5736}, {"tokens": ["These", "ships", "are", "not", "close", "to", "each", "other"], "raw": "These ships are not close to each other.", "imgid": 1147, "sentid": 5737}, {"tokens": ["The", "outline", "of", "these", "ships", "is", "not", "clear"], "raw": "The outline of these ships is not clear.", "imgid": 1147, "sentid": 5738}, {"tokens": ["The", "image", "background", "is", "clear"], "raw": "The image background is clear.", "imgid": 1147, "sentid": 5739}], "split": "train", "sentids": [5735, 5736, 5737, 5738, 5739]}