{"filename": "001168.jpg", "imgid": 1167, "sentences": [{"tokens": ["There", "are", "many", "ships", "on", "the", "sea"], "raw": "There are many ships on the sea.", "imgid": 1167, "sentid": 5835}, {"tokens": ["These", "ships", "are", "scattered", "among", "each", "other"], "raw": "These ships are scattered among each other.", "imgid": 1167, "sentid": 5836}, {"tokens": ["There", "are", "many", "buildings", "on", "land"], "raw": "There are many buildings on land.", "imgid": 1167, "sentid": 5837}, {"tokens": ["These", "buildings", "are", "more", "obvious", "than", "ships"], "raw": "These buildings are more obvious than ships.", "imgid": 1167, "sentid": 5838}, {"tokens": ["Ship", "targets", "are", "similar", "to", "each", "other"], "raw": "Ship targets are similar to each other.", "imgid": 1167, "sentid": 5839}], "split": "train", "sentids": [5835, 5836, 5837, 5838, 5839]}