{"filename": "001161.jpg", "imgid": 1160, "sentences": [{"tokens": ["There", "are", "several", "pieces", "of", "land", "separated", "from", "each", "other", "on", "the", "image"], "raw": "There are several pieces of land separated from each other on the image.", "imgid": 1160, "sentid": 5800}, {"tokens": ["There", "is", "only", "one", "ship", "in", "the", "image"], "raw": "There is only one ship in the image.", "imgid": 1160, "sentid": 5801}, {"tokens": ["The", "ship", "is", "far", "from", "land"], "raw": "The ship is far from land.", "imgid": 1160, "sentid": 5802}, {"tokens": ["There", "are", "also", "several", "islands", "in", "the", "image"], "raw": "There are also several islands in the image.", "imgid": 1160, "sentid": 5803}, {"tokens": ["The", "ship", "is", "on", "one", "side", "of", "the", "image"], "raw": "The ship is on one side of the image.", "imgid": 1160, "sentid": 5804}], "split": "train", "sentids": [5800, 5801, 5802, 5803, 5804]}