{"filename": "001101.jpg", "imgid": 1100, "sentences": [{"tokens": ["There", "is", "a", "port", "on", "the", "image"], "raw": "There is a port on the image.", "imgid": 1100, "sentid": 5500}, {"tokens": ["There", "is", "a", "port", "on", "the", "image"], "raw": "There is a port on the image.", "imgid": 1100, "sentid": 5501}, {"tokens": ["There", "are", "no", "ships", "on", "the", "sea", "far", "from", "land"], "raw": "There are no ships on the sea far from land", "imgid": 1100, "sentid": 5502}, {"tokens": ["There", "are", "some", "buildings", "on", "land"], "raw": "There are some buildings on land.", "imgid": 1100, "sentid": 5503}, {"tokens": ["Land", "buildings", "are", "obvious"], "raw": "Land buildings are obvious.", "imgid": 1100, "sentid": 5504}], "split": "train", "sentids": [5500, 5501, 5502, 5503, 5504]}