{"filename": "001173.jpg", "imgid": 1172, "sentences": [{"tokens": ["The", "image", "is", "noisy"], "raw": "The image is noisy.", "imgid": 1172, "sentid": 5860}, {"tokens": ["There", "are", "two", "ships", "in", "the", "image"], "raw": "There are two ships in the image.", "imgid": 1172, "sentid": 5861}, {"tokens": ["There", "is", "little", "difference", "between", "the", "two", "ships"], "raw": "There is little difference between the two ships.", "imgid": 1172, "sentid": 5862}, {"tokens": ["The", "two", "ships", "are", "close", "together"], "raw": "The two ships are close together.", "imgid": 1172, "sentid": 5863}, {"tokens": ["The", "two", "ships", "have", "a", "clear", "outline"], "raw": "The two ships have a clear outline.", "imgid": 1172, "sentid": 5864}], "split": "train", "sentids": [5860, 5861, 5862, 5863, 5864]}