{"filename": "001120.jpg", "imgid": 1119, "sentences": [{"tokens": ["There", "are", "many", "ships", "on", "the", "sea"], "raw": "There are many ships on the sea.", "imgid": 1119, "sentid": 5595}, {"tokens": ["The", "ships", "on", "the", "sea", "are", "all", "gathered", "together"], "raw": "The ships on the sea are all gathered together.", "imgid": 1119, "sentid": 5596}, {"tokens": ["Ships", "are", "concentrated", "on", "the", "sea"], "raw": "Ships are concentrated on the sea.", "imgid": 1119, "sentid": 5597}, {"tokens": ["The", "outline", "of", "the", "ship", "target", "is", "not", "clear"], "raw": "The outline of the ship target is not clear.", "imgid": 1119, "sentid": 5598}, {"tokens": ["There", "is", "little", "difference", "in", "the", "target", "size", "of", "ships"], "raw": "There is little difference in the target size of ships.", "imgid": 1119, "sentid": 5599}], "split": "train", "sentids": [5595, 5596, 5597, 5598, 5599]}