{"filename": "001100.jpg", "imgid": 1099, "sentences": [{"tokens": ["There", "are", "many", "buildings", "on", "the", "image"], "raw": "There are many buildings on the image.", "imgid": 1099, "sentid": 5495}, {"tokens": ["There", "is", "a", "port", "on", "the", "image"], "raw": "There is a port on the image.", "imgid": 1099, "sentid": 5496}, {"tokens": ["There", "are", "many", "ships", "in", "the", "port"], "raw": "There are many ships in the port.", "imgid": 1099, "sentid": 5497}, {"tokens": ["Buildings", "on", "land", "are", "obvious"], "raw": "Buildings on land are obvious.", "imgid": 1099, "sentid": 5498}, {"tokens": ["There", "are", "no", "obvious", "ship", "targets", "on", "the", "sea"], "raw": "There are no obvious ship targets on the sea.", "imgid": 1099, "sentid": 5499}], "split": "train", "sentids": [5495, 5496, 5497, 5498, 5499]}