{"filename": "001106.jpg", "imgid": 1105, "sentences": [{"tokens": ["There", "is", "little", "difference", "in", "image", "size"], "raw": "There is little difference in image size.", "imgid": 1105, "sentid": 5525}, {"tokens": ["There", "are", "ports", "on", "the", "image"], "raw": "There are ports on the image.", "imgid": 1105, "sentid": 5526}, {"tokens": ["There", "are", "several", "ships", "docked", "in", "the", "port"], "raw": "There are several ships docked in the port.", "imgid": 1105, "sentid": 5527}, {"tokens": ["The", "land", "is", "very", "scattered"], "raw": "The land is very scattered.", "imgid": 1105, "sentid": 5528}, {"tokens": ["Ships", "are", "close", "to", "land"], "raw": "Ships are close to land.", "imgid": 1105, "sentid": 5529}], "split": "train", "sentids": [5525, 5526, 5527, 5528, 5529]}