{"filename": "001103.jpg", "imgid": 1102, "sentences": [{"tokens": ["There", "are", "several", "ships", "in", "the", "image"], "raw": "There are several ships in the image.", "imgid": 1102, "sentid": 5510}, {"tokens": ["There", "is", "a", "piece", "of", "land", "on", "the", "image"], "raw": "There is a piece of land on the image.", "imgid": 1102, "sentid": 5511}, {"tokens": ["Ship", "targets", "are", "scattered", "in", "the", "image"], "raw": "Ship targets are scattered in the image.", "imgid": 1102, "sentid": 5512}, {"tokens": ["There", "is", "a", "port", "on", "the", "image"], "raw": "There is a port on the image.", "imgid": 1102, "sentid": 5513}, {"tokens": ["The", "port", "is", "very", "obvious"], "raw": "The port is very obvious.", "imgid": 1102, "sentid": 5514}], "split": "train", "sentids": [5510, 5511, 5512, 5513, 5514]}