{"filename": "001183.jpg", "imgid": 1182, "sentences": [{"tokens": ["There", "is", "a", "ship", "in", "the", "image"], "raw": "There is a ship in the image.", "imgid": 1182, "sentid": 5910}, {"tokens": ["The", "ship", "has", "a", "clear", "outline"], "raw": "The ship has a clear outline.", "imgid": 1182, "sentid": 5911}, {"tokens": ["The", "ship", "is", "obvious", "in", "the", "image"], "raw": "The ship is obvious in the image.", "imgid": 1182, "sentid": 5912}, {"tokens": ["The", "ship", "is", "at", "the", "edge", "of", "the", "image"], "raw": "The ship is at the edge of the image.", "imgid": 1182, "sentid": 5913}, {"tokens": ["There", "is", "no", "land", "in", "the", "image"], "raw": "There is no land in the image.", "imgid": 1182, "sentid": 5914}], "split": "train", "sentids": [5910, 5911, 5912, 5913, 5914]}