{"filename": "001117.jpg", "imgid": 1116, "sentences": [{"tokens": ["A", "large", "part", "of", "the", "image", "is", "land"], "raw": "A large part of the image is land.", "imgid": 1116, "sentid": 5580}, {"tokens": ["There", "is", "a", "port", "in", "the", "picture"], "raw": "There is a port in the picture.", "imgid": 1116, "sentid": 5581}, {"tokens": ["There", "are", "some", "buildings", "on", "land"], "raw": "There are some buildings on land.", "imgid": 1116, "sentid": 5582}, {"tokens": ["There", "are", "several", "ships", "near", "the", "port"], "raw": "There are several ships near the port.", "imgid": 1116, "sentid": 5583}, {"tokens": ["Land", "covers", "a", "larger", "area", "than", "the", "sea"], "raw": "Land covers a larger area than the sea.", "imgid": 1116, "sentid": 5584}], "split": "train", "sentids": [5580, 5581, 5582, 5583, 5584]}