{"filename": "001164.jpg", "imgid": 1163, "sentences": [{"tokens": ["There", "is", "land", "on", "the", "image"], "raw": "There is land on the image.", "imgid": 1163, "sentid": 5815}, {"tokens": ["There", "is", "a", "ship", "far", "from", "land"], "raw": "There is a ship far from land.", "imgid": 1163, "sentid": 5816}, {"tokens": ["The", "ship", "away", "from", "land", "is", "at", "the", "edge", "of", "the", "image"], "raw": "The ship away from land is at the edge of the image.", "imgid": 1163, "sentid": 5817}, {"tokens": ["The", "land", "is", "mainly", "mountains"], "raw": "The land is mainly mountains.", "imgid": 1163, "sentid": 5818}, {"tokens": ["The", "ship", "target", "is", "not", "obvious"], "raw": "The ship target is not obvious.", "imgid": 1163, "sentid": 5819}], "split": "train", "sentids": [5815, 5816, 5817, 5818, 5819]}