{"filename": "001187.jpg", "imgid": 1186, "sentences": [{"tokens": ["There", "is", "a", "port", "on", "the", "image"], "raw": "There is a port on the image.", "imgid": 1186, "sentid": 5930}, {"tokens": ["Several", "ships", "docked", "at", "the", "port"], "raw": "Several ships docked at the port.", "imgid": 1186, "sentid": 5931}, {"tokens": ["There", "are", "no", "other", "ships", "on", "the", "sea"], "raw": "There are no other ships on the sea.", "imgid": 1186, "sentid": 5932}, {"tokens": ["Ship", "targets", "are", "difficult", "to", "identify"], "raw": "Ship targets are difficult to identify.", "imgid": 1186, "sentid": 5933}, {"tokens": ["Ships", "and", "targets", "are", "docked", "together"], "raw": "Ships and targets are docked together.", "imgid": 1186, "sentid": 5934}], "split": "train", "sentids": [5930, 5931, 5932, 5933, 5934]}