{"filename": "001193.jpg", "imgid": 1192, "sentences": [{"tokens": ["There", "is", "a", "ship", "in", "the", "image"], "raw": "There is a ship in the image.", "imgid": 1192, "sentid": 5960}, {"tokens": ["The", "ship", "target", "is", "far", "from", "the", "port"], "raw": "The ship target is far from the port.", "imgid": 1192, "sentid": 5961}, {"tokens": ["There", "is", "a", "port", "in", "the", "picture"], "raw": "There is a port in the picture.", "imgid": 1192, "sentid": 5962}, {"tokens": ["The", "port", "occupies", "a", "large", "area", "in", "the", "image"], "raw": "The port occupies a large area in the image.", "imgid": 1192, "sentid": 5963}, {"tokens": ["The", "ship", "target", "is", "not", "clear"], "raw": "The ship target is not clear.", "imgid": 1192, "sentid": 5964}], "split": "train", "sentids": [5960, 5961, 5962, 5963, 5964]}