{"filename": "001165.jpg", "imgid": 1164, "sentences": [{"tokens": ["There", "are", "many", "ships", "on", "the", "image"], "raw": "There are many ships on the image.", "imgid": 1164, "sentid": 5820}, {"tokens": ["These", "ships", "are", "far", "from", "land"], "raw": "These ships are far from land.", "imgid": 1164, "sentid": 5821}, {"tokens": ["These", "ships", "are", "clear"], "raw": "These ships are clear.", "imgid": 1164, "sentid": 5822}, {"tokens": ["These", "ships", "are", "scattered", "among", "each", "other"], "raw": "These ships are scattered among each other.", "imgid": 1164, "sentid": 5823}, {"tokens": ["These", "ships", "are", "not", "much", "different", "in", "size"], "raw": "These ships are not much different in size.", "imgid": 1164, "sentid": 5824}], "split": "train", "sentids": [5820, 5821, 5822, 5823, 5824]}