{"filename": "001174.jpg", "imgid": 1173, "sentences": [{"tokens": ["There", "is", "a", "ship", "in", "the", "image"], "raw": "There is a ship in the image.", "imgid": 1173, "sentid": 5865}, {"tokens": ["The", "ship", "moored", "in", "the", "harbor"], "raw": "The ship moored in the harbor.", "imgid": 1173, "sentid": 5866}, {"tokens": ["There", "are", "ports", "on", "the", "image"], "raw": "There are ports on the image.", "imgid": 1173, "sentid": 5867}, {"tokens": ["The", "ship", "is", "clear"], "raw": "The ship is clear.", "imgid": 1173, "sentid": 5868}, {"tokens": ["There", "is", "noise", "on", "the", "image"], "raw": "There is noise on the image.", "imgid": 1173, "sentid": 5869}], "split": "train", "sentids": [5865, 5866, 5867, 5868, 5869]}