{"filename": "001182.jpg", "imgid": 1181, "sentences": [{"tokens": ["There", "are", "many", "ships", "on", "the", "image"], "raw": "There are many ships on the image.", "imgid": 1181, "sentid": 5905}, {"tokens": ["None", "of", "these", "ships", "are", "close", "to", "land"], "raw": "None of these ships are close to land.", "imgid": 1181, "sentid": 5906}, {"tokens": ["These", "ships", "are", "all", "gathered", "in", "one", "sea", "area"], "raw": "These ships are all gathered in one sea area.", "imgid": 1181, "sentid": 5907}, {"tokens": ["There", "is", "little", "difference", "in", "size", "between", "ships"], "raw": "There is little difference in size between ships.", "imgid": 1181, "sentid": 5908}, {"tokens": ["The", "land", "occupies", "a", "small", "part"], "raw": "The land occupies a small part.", "imgid": 1181, "sentid": 5909}], "split": "train", "sentids": [5905, 5906, 5907, 5908, 5909]}