{"filename": "001185.jpg", "imgid": 1184, "sentences": [{"tokens": ["There", "is", "a", "small", "piece", "of", "land", "on", "the", "image"], "raw": "There is a small piece of land on the image.", "imgid": 1184, "sentid": 5920}, {"tokens": ["There", "is", "a", "ship", "clinging", "to", "the", "land"], "raw": "There is a ship clinging to the land.", "imgid": 1184, "sentid": 5921}, {"tokens": ["There", "are", "no", "ships", "on", "the", "sea", "far", "from", "land"], "raw": "There are no ships on the sea far from land.", "imgid": 1184, "sentid": 5922}, {"tokens": ["There", "was", "only", "one", "ship", "on", "the", "sea", "that", "leaned", "against", "the", "shore"], "raw": "There was only one ship on the sea that leaned against the shore.", "imgid": 1184, "sentid": 5923}, {"tokens": ["The", "image", "background", "is", "clear"], "raw": "The image background is clear.", "imgid": 1184, "sentid": 5924}], "split": "train", "sentids": [5920, 5921, 5922, 5923, 5924]}