{"filename": "001177.jpg", "imgid": 1176, "sentences": [{"tokens": ["There", "is", "a", "port", "on", "the", "image"], "raw": "There is a port on the image.", "imgid": 1176, "sentid": 5880}, {"tokens": ["There", "are", "many", "ships", "docked", "in", "the", "port"], "raw": "There are many ships docked in the port.", "imgid": 1176, "sentid": 5881}, {"tokens": ["There", "are", "two", "ships", "stuck", "together", "and", "parked", "in", "the", "port"], "raw": "There are two ships stuck together and parked in the port.", "imgid": 1176, "sentid": 5882}, {"tokens": ["The", "image", "background", "is", "blurred"], "raw": "The image background is blurred.", "imgid": 1176, "sentid": 5883}, {"tokens": ["The", "ship", "target", "is", "not", "very", "obvious"], "raw": "The ship target is not very obvious.", "imgid": 1176, "sentid": 5884}], "split": "train", "sentids": [5880, 5881, 5882, 5883, 5884]}