{"filename": "001107.jpg", "imgid": 1106, "sentences": [{"tokens": ["There", "are", "only", "three", "ships", "in", "the", "image"], "raw": "There are only three ships in the image.", "imgid": 1106, "sentid": 5530}, {"tokens": ["All", "three", "ships", "are", "small", "in", "size", "in", "the", "image"], "raw": "All three ships are small in size in the image.", "imgid": 1106, "sentid": 5531}, {"tokens": ["All", "three", "ships", "are", "on", "the", "edge", "of", "the", "image"], "raw": "All three ships are on the edge of the image.", "imgid": 1106, "sentid": 5532}, {"tokens": ["The", "size", "difference", "of", "the", "three", "ships", "is", "not", "obvious"], "raw": "The size difference of the three ships is not obvious.", "imgid": 1106, "sentid": 5533}, {"tokens": ["The", "three", "ships", "are", "dispersed", "from", "each", "other"], "raw": "The three ships are dispersed from each other.", "imgid": 1106, "sentid": 5534}], "split": "train", "sentids": [5530, 5531, 5532, 5533, 5534]}