{"filename": "001116.jpg", "imgid": 1115, "sentences": [{"tokens": ["There", "is", "land", "on", "the", "image"], "raw": "There is land on the image.", "imgid": 1115, "sentid": 5575}, {"tokens": ["The", "sea", "is", "dotted", "with", "several", "ships"], "raw": "The sea is dotted with several ships.", "imgid": 1115, "sentid": 5576}, {"tokens": ["These", "ships", "are", "only", "a", "few", "pixels", "in", "size"], "raw": "These ships are only a few pixels in size.", "imgid": 1115, "sentid": 5577}, {"tokens": ["Land", "is", "more", "obvious", "than", "ships"], "raw": "Land is more obvious than ships.", "imgid": 1115, "sentid": 5578}, {"tokens": ["Rich", "image", "information"], "raw": "Rich image information.", "imgid": 1115, "sentid": 5579}], "split": "train", "sentids": [5575, 5576, 5577, 5578, 5579]}