{"filename": "001140.jpg", "imgid": 1139, "sentences": [{"tokens": ["There", "are", "many", "ships", "on", "the", "image"], "raw": "There are many ships on the image.", "imgid": 1139, "sentid": 5695}, {"tokens": ["The", "ships", "are", "clustered", "in", "an", "area", "of", "the", "image"], "raw": "The ships are clustered in an area of the image.", "imgid": 1139, "sentid": 5696}, {"tokens": ["The", "difference", "between", "these", "ships", "is", "small"], "raw": "The difference between these ships is small", "imgid": 1139, "sentid": 5697}, {"tokens": ["There", "is", "a", "piece", "of", "land", "in", "the", "image"], "raw": "There is a piece of land in the image.", "imgid": 1139, "sentid": 5698}, {"tokens": ["These", "ships", "are", "far", "from", "land"], "raw": "These ships are far from land.", "imgid": 1139, "sentid": 5699}], "split": "train", "sentids": [5695, 5696, 5697, 5698, 5699]}