{"filename": "001176.jpg", "imgid": 1175, "sentences": [{"tokens": ["There", "is", "a", "port", "on", "the", "image"], "raw": "There is a port on the image.", "imgid": 1175, "sentid": 5875}, {"tokens": ["Many", "ships", "docked", "in", "the", "harbor"], "raw": "Many ships docked in the harbor.", "imgid": 1175, "sentid": 5876}, {"tokens": ["The", "ships", "leaned", "together", "and", "stopped", "in", "the", "port"], "raw": "The ships leaned together and stopped in the port.", "imgid": 1175, "sentid": 5877}, {"tokens": ["Land", "occupies", "most", "of", "the", "area", "in", "the", "map"], "raw": "Land occupies most of the area in the map.", "imgid": 1175, "sentid": 5878}, {"tokens": ["The", "outline", "of", "the", "image", "is", "not", "obvious"], "raw": "The outline of the image is not obvious.", "imgid": 1175, "sentid": 5879}], "split": "train", "sentids": [5875, 5876, 5877, 5878, 5879]}