{"filename": "001155.jpg", "imgid": 1154, "sentences": [{"tokens": ["There", "is", "a", "port", "on", "the", "image"], "raw": "There is a port on the image.", "imgid": 1154, "sentid": 5770}, {"tokens": ["There", "is", "a", "ship", "in", "the", "harbor"], "raw": "There is a ship in the harbor.", "imgid": 1154, "sentid": 5771}, {"tokens": ["Land", "occupies", "the", "vast", "majority", "of", "the", "area", "in", "the", "image"], "raw": "Land occupies the vast majority of the area in the image.", "imgid": 1154, "sentid": 5772}, {"tokens": ["There", "are", "some", "buildings", "on", "land"], "raw": "There are some buildings on land.", "imgid": 1154, "sentid": 5773}, {"tokens": ["Land", "architecture", "is", "obvious"], "raw": "Land architecture is obvious.", "imgid": 1154, "sentid": 5774}], "split": "train", "sentids": [5770, 5771, 5772, 5773, 5774]}