{"filename": "001113.jpg", "imgid": 1112, "sentences": [{"tokens": ["There", "is", "only", "one", "ship", "in", "the", "image"], "raw": "There is only one ship in the image.", "imgid": 1112, "sentid": 5560}, {"tokens": ["The", "ship", "has", "a", "clear", "outline"], "raw": "The ship has a clear outline.", "imgid": 1112, "sentid": 5561}, {"tokens": ["The", "ship", "is", "at", "the", "edge", "of", "the", "image"], "raw": "The ship is at the edge of the image.", "imgid": 1112, "sentid": 5562}, {"tokens": ["The", "ship", "is", "rectangular", "in", "shape"], "raw": "The ship is rectangular in shape.", "imgid": 1112, "sentid": 5563}, {"tokens": ["The", "ship", "is", "very", "obvious"], "raw": "The ship is very obvious.", "imgid": 1112, "sentid": 5564}], "split": "train", "sentids": [5560, 5561, 5562, 5563, 5564]}