{"filename": "001110.jpg", "imgid": 1109, "sentences": [{"tokens": ["There", "is", "a", "small", "piece", "of", "land", "in", "the", "image"], "raw": "There is a small piece of land in the image.", "imgid": 1109, "sentid": 5545}, {"tokens": ["There", "are", "three", "ships", "in", "the", "image"], "raw": "There are three ships in the image.", "imgid": 1109, "sentid": 5546}, {"tokens": ["The", "three", "ships", "are", "far", "from", "land"], "raw": "The three ships are far from land.", "imgid": 1109, "sentid": 5547}, {"tokens": ["The", "three", "ships", "are", "dispersed", "from", "each", "other"], "raw": "The three ships are dispersed from each other.", "imgid": 1109, "sentid": 5548}, {"tokens": ["These", "three", "ships", "are", "very", "obvious"], "raw": "These three ships are very obvious.", "imgid": 1109, "sentid": 5549}], "split": "train", "sentids": [5545, 5546, 5547, 5548, 5549]}