{"filename": "001125.jpg", "imgid": 1124, "sentences": [{"tokens": ["The", "two", "ships", "are", "far", "apart"], "raw": "The two ships are far apart.", "imgid": 1124, "sentid": 5620}, {"tokens": ["There", "are", "many", "buildings", "on", "the", "land", "side"], "raw": "There are many buildings on the land side.", "imgid": 1124, "sentid": 5621}, {"tokens": ["There", "are", "many", "ships", "on", "the", "sea", "near", "the", "land"], "raw": "There are many ships on the sea near the land.", "imgid": 1124, "sentid": 5622}, {"tokens": ["The", "ship", "target", "is", "not", "obvious", "on", "the", "image"], "raw": "The ship target is not obvious on the image.", "imgid": 1124, "sentid": 5623}, {"tokens": ["Land", "occupies", "a", "large", "area"], "raw": "Land occupies a large area.", "imgid": 1124, "sentid": 5624}], "split": "train", "sentids": [5620, 5621, 5622, 5623, 5624]}