{"filename": "001191.jpg", "imgid": 1190, "sentences": [{"tokens": ["There", "are", "two", "ships", "docked", "in", "the", "port"], "raw": "There are two ships docked in the port.", "imgid": 1190, "sentid": 5950}, {"tokens": ["There", "is", "little", "difference", "in", "size", "between", "the", "two", "ships"], "raw": "There is little difference in size between the two ships.", "imgid": 1190, "sentid": 5951}, {"tokens": ["There", "is", "also", "land", "in", "the", "image"], "raw": "There is also land in the image.", "imgid": 1190, "sentid": 5952}, {"tokens": ["There", "are", "only", "two", "ships", "in", "the", "image"], "raw": "There are only two ships in the image.", "imgid": 1190, "sentid": 5953}, {"tokens": ["The", "two", "ships", "are", "difficult", "to", "identify"], "raw": "The two ships are difficult to identify.", "imgid": 1190, "sentid": 5954}], "split": "train", "sentids": [5950, 5951, 5952, 5953, 5954]}