{"filename": "001200.jpg", "imgid": 1199, "sentences": [{"tokens": ["There", "is", "only", "one", "ship", "in", "the", "target", "image"], "raw": "There is only one ship in the target image.", "imgid": 1199, "sentid": 5995}, {"tokens": ["The", "ship", "target", "is", "clear"], "raw": "The ship target is clear.", "imgid": 1199, "sentid": 5996}, {"tokens": ["The", "ship", "target", "is", "located", "in", "the", "edge", "area", "of", "the", "image"], "raw": "The ship target is located in the edge area of the image.", "imgid": 1199, "sentid": 5997}, {"tokens": ["The", "outline", "of", "the", "ship", "target", "is", "clear"], "raw": "The outline of the ship target is clear.", "imgid": 1199, "sentid": 5998}, {"tokens": ["There", "is", "a", "lot", "of", "noise", "in", "the", "image", "background"], "raw": "There is a lot of noise in the image background.", "imgid": 1199, "sentid": 5999}], "split": "train", "sentids": [5995, 5996, 5997, 5998, 5999]}